ini kenapa internet rumah saya lambat banget ya tolong di cek id,1
cara berhenti berlangganan bagaimana caranya ya,1
telfon nomor di atas di suruh lewat twitter lewat twitter suruh hubungi nomor di atas yang benar yang mana,0
hai admin sepertinya sekarang sudah ok,1
assalamualaikum nomer pelanggan,1
ngelag saja terus,0
all service tv dan internet turun dari jam mohon bantuan penyelesaiannya id pelanggan,1
mohon cek dm nya admin,1
dengan terus berlangganan atau memakai telkomsel berarti anda menyukseskan apa yang menjadi tujuan orang orang ini,0
oi mati lagi ini internetnya nomor pelanggan,0
dengan terus berlangganan atau memakai telkomsel berarti anda menyukseskan apa yang menjadi tujuan orang orang ini,0
kasian hidupku penuh dengan kebohongan lihat ini,0
sepedanya merk ya,1
smartcardnya sudah dibersihin tapi tetep tidak bisa admin teknisinya bisa datang ke rumah saya saja tidak,1
jaringannya diperbagus dong kak ini di daerah kayumanis matraman jakarta timur kok jaringannya lambat,0
cek dm kak,1
tolong dong di benerin jaringannyaudah seminggu lebih kaya begini sampai ijin tidak kuliah online ini cm gara-gara wifi,0
sudah lewat menit dan masih belum bisa sudah direstart modemnya dari sini juga tidak bisa,0
admin tolong check dm saya terima kasih,1
admin kenapa internet saya bermasalah lagi bulan kemarin sudah gangguan sekarang gangguan lagi bagaimana dong in,0
admin cek dm saya dongg thankyou,1
tidak bertanya apa apa,1
bagaimana ini lokasi ciputat tangsel,0
admin mau bertanya kok bulanan jadi naik dan ada tambahan channel tanpa sepengetahuan saya,0
saya dengan id pelanggan saya berencana untuk berhenti berlangganan firstmedia tolong di kon,1
dengan terus berlangganan atau memakai telkomsel berarti anda menyukseskan apa yang menjadi tujuan orang orang ini,0
cek dm admin,1
provider internet paling jelek menurut kalian apa teman-teman kalau saya sih kenapa tidak ada uang obat ,0
tolong jangan slow respon ya,0
tolong bantu aktifkan kembali yah admin nomor pelanggan an mohamad achyar kamil tadi jam,1
masih ngak lancar yaelah bangke,0
mas sudah hari ini internetnya tidak bisa,0
halo boleh di cek dm,1
maaf saya coba dm tidak bisa bisa tolong dm dulu sudah itu saya balas terima kasih,1
dengan terus berlangganan atau memakai telkomsel berarti anda menyukseskan apa yang menjadi tujuan orang orang ini,0
saya harap bulan besok tidak kaya begini lagi admin karena saya masi dalam masa isolir masak tiap bulan harus ke plaza,1
kalau tidak ada laptop bagaimana,1
baru juga bisa wifinya sehariterus gangguan lagitolong di cek admin,1
sebel akutu dari kemarin begini,0
iyaa nihh tempatku jugaa,0
dibantu ya kak saya buat baru lagi siapa tahu lupa,1
itu indihome kalau gadijawab dosa,0
admin tolong cek dm dari saya ya,1
mohon dibantu internet nya turun,1
admin ini kenapa ya aplikasi myindihome tidak bisa login setelah update sudah ditungguin otp tapi tidak ada masuk tolong,0
bisa lihat tidak,0
ini kamu perbaiki restart saja apa bagaimana sih turun lagi ini,0
sudah,1
oke siapp terima kasih ditunggu di rumah untuk alamat sudah diketahui berdasarkan id pelanggan kan ya,1
ini putus bukan tidak stabil punya otak tidak sih,0
kapan kamu berusaha lebih baik jawaban kamu sama saja turun lagi sekarang gila banget,0
admin cek dm dong,1
tolong cek dm,0
assalamualaikum,1
mohon cek untuk id koneksi internet di tempat saya mati dari tadi pagi tolong dibantu,0
jam putus apa first media ini bisa dituntut,0
kakak kira sampai jam brpa yaa soalnya dari semalam belum bisa,1
woy ini kenapa nomor internet daerah karawaci tangerang saya mau ngemail client jameet,0
dear jadi tadi aku mesen gofood terus pas mas ojolnya lagi mesen wifinya bermasalah internetnya il,0
mas kakak bagaimana si masa wifinya lambat banget yatuhan speednya saja cuma aku jadi tidak bisa main rp tahu begitu,0
hai admin mohon di jadwalkan ulang setelah jam saja karena untuk jam saya ada keperluan keluar rumah,1
deh lah mati saja teros,0
saya lagi wfh ini bahkan jaringan eror ini,0
luar biasa setuju telkomsel tidak mau ikut serta ini,1
dengan terus berlangganan atau memakai telkomsel berarti anda menyukseskan apa yang menjadi tujuan orang orang ini,0
oy kenapa internet indihome saya ngak lancar ini,0
oke kakak jan lama lama kak sudah dari bulan maret ini,1
tertawa kan keno marah laju ndi lantaklah,1
ada akun twitter txt dari pelanggan tidak si,1
saya mau berhenti berlangganan tolong konfirmasinya,1
kenapa lagi merah mau ngajar online ini oalah bantu dong,0
mati lagi rumah saya kenapa jadi sering mati begini,0
sudah saya kirim juga,1
saya berencana berhenti berlangganantolong di konfirmasi,1
bayar nak cepat cuma gangguan terus,0
internet sering seperti ini tapi respon pengecekannya selalu normal padahal internet tidak bisa digunakan,1
wahai tolong hentikan iklanmu ke nomor telkomsel paket internetmu sudah terkenal bermasalah terutama bagian fup terima kasih,0
dudududududu paling juga outputan dari keluh kesah anda hanya restart modem,0
mati lagi citra raya panongan tidak usa banyak tanya dan alasan langsung cek saja,0
status di web vs faktabukti web first media tidak ada gunanya,0
terima kasih infonya kakak,1
main jam segini dari lalu disconnect terusterusan gembel amat sih,0
misuhnya kurang memuazkan,0
mungkin perhari ini sampai internet saya nyala lagi bakal penuh mas,1
iya ini terhitung sudah hari lebih anda tidak,0
kita maunya berhenti langganan speedy dengan nomor pelanggan yang sudah saya dm hanya layanan internet yang dimat,1
henti ah pakai indihome hari ini juga kebetulan ada promo free pemasangan dari first media,1
baik admin terima kasih ya,1
halo saya sudah mengajukan registrasi sejak juni tapi kok belum ada surveyfollow up ya ud,0
rekan timeline ku apakah kalian sudah merindukan timeline kalian penuh dengan tweet komplainku ke,0
sudah dilakukan restart tapi masih tidak mau juga,0
sama,1
kasar,0
dengan terus berlangganan atau memakai telkomsel berarti anda menyukseskan apa yang menjadi tujuan orang orang ini,0
gila apa hari nunggunya ini saya butuh koneksi terus kasir jalan pakai apa ini hari jumat masi hari,0
aku sayang indihome,1
haruskah aku berpaling darimu,0
menunggu sampai kapan kalau begini setiap hari lebih baik saya langsung berenti saja percuma pakai wifi hanya,0
saya sudah restart cosmos yang tipe magicom nya kak tapi dompet saya masih saja kosomg,0
sama sama kak budi selamat menikmati kembali layanan indihomenya stay safe stay healthy dan bersama indihom,1
sudahh,1
apakah sensi sama saya karena kemarin tawaran optimalisasi ke nya saya tolak,1
indihome sudah lama saya tendangjelek pelayanannya,0
cek dm yuu,1
coba restart dulu kemarin aku begitu terus setelah restart bisa,1
sampai kapan ini admin gada tenggat waktu,0
iya benar sudah saya dm,1
bulan bulan lalu kan juga mati kenapa saya masih di tagih full jangan ya marah ini saya,0
kenapa wifi nya tidak bisa nyambung ke internet sudah saya check kok wan status disconnected dan wan failu,0
sudah capek ngomel,0
bikin kesel terus soalnya,0
error melulu sih admin minggu ini saja tiga kali lho pasti alasannya perbaikan atau gannguan masa iya,0
ini indihome kenapa gapernah cepat ya tiap hari lambat kalau keluhan cuma disuruh restrt saja tolong di,0
nama saya enjel mas,1
tapi tidak ada kotak pesan untuk dm,0
hari jumat jam siang jam kerja saya wfh ngomong-ngomong kerjaan lagi banyak butuh internet ehh dia mati lagi ngelucu juga g,0
saya pakai kabel lan karena koneksi wifi ke laptop terputus terus bbrp minggu ini tidak ada masalah kabel lan,1
tolong jangan bikin kesel terus,0
iya bang ku tny temen yang lain juga dengan gangguan terus beberp sudah normal lagi sekarang punya ku juga barusan normal lagi,1
hai indihome kalau mahasiswa apakah masuk kategori pelajar,1
hah maksudnya berbayar bagaimana ini,0
kasih tahu kak urie,1
lebih baik indihomo bubar ae deh ngertio we ki tidak guna,0
sudah diinformasikan lewat dm ya kak tolong di respon sesegera mungkin,1
lah gangguan juga ya,1
cara ukur speed test nya bagaimana kak,1
gangguan masal kayakny,1
sama bang punya ku juga dibeberapa tempat juga gangguan bang,1
oh tidak ingin ngecek statusnya kok cuma mau meng apresiasi gangguannya yang terlalu rajin terima kasih lho,0
tolong dicek indihome saya sudah request gangguan lewat aplikasi indihome smpe tapi tidak ada respon dengan sekal,1
ini kenapa internet saya tidak terkoneksi ya sudah isi biodata pun di dm di telepon melalui contact center juga sibuk terus,0
tidak jadi kakak gisa sekarang sudah bisa,1
terimakasih,1
tolong cek internet saya tidak bisa jalan nomor internet sudah di dm,1
wifi mendadak mati lagi tolong dibantu nomor pelanggan terima kasih,1
berkenan secepatnya bisa,1
dengan terus berlangganan atau memakai telkomsel berarti anda menyukseskan apa yang menjadi tujuan orang orang ini,0
sudah di dm segera diproses,1
cek dm admin internet di rumah saya tidak konek lampu indikator di modem pada internetnya tidak nyala lampu indikator yang lain nyala,1
cuy jangan terlalu senang yaa blokiran netflix dibuka ternyata nanti akan berbayar well played,1
baca dm nya admin,0
woi balas dm teman saya,0
kemarin mati sekarang mati lagi tiap hari mati ini first media padahal sabtu lalu maintenance,0
mohon bisa cek dm terima kasih,1
sebut saja,0
kenapa tv tidak bisa konek,1
memang lagi error ini wak di wilayah kito aku juga nomor connection,1
kenapa tagihan saya jadi mahal ya naiknya hampir,0
sudah x kali sudah bulan kalau dicek di cekblablabla selalu quality,0
mau bertanya doank saya sudah bayar tapi menggunakan nomor telepon bukan nomor indihomenya berhasil namun status,1
dear admins wifi di daerah pangkalan jati cinere masih gangguan ya saya check di cekfirstme,0
admin inetku mati sudah hari bagaimana ini obatnya,0
mau meningkatkan speed juga gagal terus setelah memasukkan nomor ktp,1
sudah cek dm,1
bedanya apa,1
saya mau verifikasi akun setelah memasukkan nomor ktp muncul itu dan email tersebut tidak saya kenal,0
tidak admin saya pakai koneksi wifi di kantor bisa,1
sekarang bahkan internet saya putus tadi saya pindahin modem,1
baik kak fros,1
sabtu minggu lalu gangguan belum sampai seminggu hari ini gangguan lagi tidak beres ini indihome dijanjiin ,0
mati kan jujur lagi nonton ini saudara laki-laki,0
sudah dari tadi pagi tidak bisa pakai indihome bagaimana ini dari tadi jaringan terkendala melulu,0
hai dio boleh cek dm lagi terima kasih,1
dibales lagi dibilang buat tagihan internet haloo internet dirumah ini kemarin buka baru pakai nama adek,0
admin tolong di cek dm saya,1
sini juga indieanjig,0
sampai kapan kejelasannya menunggu ganti tahun apa bagaimana ya progress seperti mau bangun tol saja lama benar anjing,0
cek dm ya,1
jujur ini sinyal lah sejam hilang total saudara laki-laki saudara laki-laki saudara laki-laki,0
sudah saya dm kakak,1
mohon tolong cek status internet saya daritadi siang tidak bisa connect network kantor bagaimana mau kerja,0
sabar ya kak vebby,1
tadi katanya petugas paling terlambat datang jam ini sudah jam tidak ada kabar sama sekali saya dm juga ti,0
boleh admin tapi datengin teknisi yang sekali panggil kelar ya masalahnya lelah panggil teknisi terus tidak kelar kelar,1
cek dm admin,1
kamu baca tweet saya saya sumbang adjustment saya buat loo tidak perlu kamu adjustment terus is,0
sudah dan masih sama saja,1
ketidaksempurnaan jangan dijadikan alasan untuk berhenti memperbaiki diri,0
halo ini sudah hari kali laporan kekantor posar laporan ke kantor daerah tapi bl,0
sabar aku juga pakai vc atau live lambat banget di komplain juga percuma,0
nama teknisi nya siapa ya,1
selamat siang first people mohon maaf atas ketidaknyamanannya mohon kesediaannya atas kedatangan tekni,1
masa sudah belum selesai you kidding me baru penelusuranngapain ajaa kamu selama ini,0
internetnya lambat bangeett suka sinyanlnya help dongg,0
knapa mati di area pegadungan kalideres sepertinya sering kena gangguan ini first media mohon bantu dan solusinya,0
admin kenapa di rumah saya eror ya first medianya tulisannya nomor signal detected sama tv lagi tulisannya smart card mute,1
teknisi kamu barusan datang tapi tidak mampu memperbaiki masalah katanya akan dikirim team jaring,1
jawaban kamu ribet banget dari awal suruh menunggu sudah sebulan tidak ada kejelasan seperti lempar tangan terus,0
admin ini kok wifi sama tvnya tidak ya dari tadi pagi,1
nama ali machin nomor hp saya mau menurunkan paket saya yang tadinya internet dengan tv saa mau pa,1
hancur banget koneksi kamu saudara laki-laki,0
anjgg kenapa kamu tag,0
bagaimana ya jaringan internet dari jam tidak ada koneksi sedangkan sinyal penuh tolong dong dibantu,1
ohh okmang indietemen saya di cancel nihbisa bantu tidak,1
admin telpon rumah saya tibatiba tidak bisa menelpon dan pada saat ditelpon statusnya sibuk itu kenapa ya,1
saja kerenan,1
cek dm admin,1
nanti lagi dong,1
sudah di dm ya,1
ini kok begini ya cuma sampai indihome nya gabia nyala,1
lambat banget sih astaga bisa tidak di reset dari pusat jangan suruh saya on off sendiri karena saya sudah lakukan beru,0
yang benar saja anda,0
firstmedia kenapa lagi ini wifi cuma bar,0
sudah coba di restart dulu kak cmos nya,1
yakk internet masih mati ayoo menit lagi cafe saya buka nihh,0
halo nomor pelanggan ingin berhenti berlangganan bagaimana prosedurnya,1
wifi saya sudah hari nomor connection gimanaya call center tidak di angkat saya ada di area jaksel to,0
selamat sore mas mbatolong dong bagaimana kelanjutannya indihome saya tentang pembayaran tidak sesuai,1
apa di kurangin ini tagihannya masih tagihan full kok masih gangguan pula itu tulisannya jang,0
tolong wifi saya tidak koneksi tolong di perbaiki sudah saya restart tetep tidak bisa di pakai wifinya,1
dear kalau mau berhenti langganan bagaimana caranya ya,1
halo kak mohon infonya jaringan lambat nomor id sudah di dm,1
mantap admin butuh bulan buat membereskan kalau wfh melulu tidak hari ini sudah kali on off,0
kak tolong respon via dm ya kak,0
hai kak gisa ikut seneng deh jaringan indihome di lokasi kembali normal kalau butuh informasi seputar produk,1
admin tolong cek dm saya ya,1
tolong cek dm wifi dirumah saya mati bermasalah lagi,0
tetep saja tidak bisa,0
kak cek dm saya ya mengenai ini,1
memang jahanam ya indihome,0
tolong dong diperbaiki segera jaringan indihome sekota jambi lagi bermasalah ini sekarang seminggu ter,1
admin cek dm dong internetnya gangguan ini,0
pemakaian dari mana kalau bulan sebelumnya saja sudah isolir dn bulan ini adalah perpanjangan masa cob,0
ck bagaimana si,0
berapa lama ya kakak soalnya kan wifinya jadi belum bisa dipakai padahal lagi dibutuhin wifinya,1
dengan terus berlangganan atau memakai telkomsel berarti anda menyukseskan apa yang menjadi tujuan orang orang ini,0
bahkan dikasih tiket sama tidak sahamnya tidak produknya semuanya sensitif,0
indonesia darurat ideologi radikalisme harus kita akui gagal disini kepemimpinannya terlalu l,0
admin tolong dong ini wifi tidak bisa connect ke device dan tidak ada koneksi,1
sudah dikirim ke dm admin,1
komplain via twitter tagihn jadi setelah itu menjelang tanggal tagihan berubah jadi akhirnya saya ke p,0
tadi sempat hilang lagi sinyalnya admin tapi sekarang sudah oke kayaknya nanti kalau ada kendala lagi saya kabari ya,1
buset da bang perasaan saya cuma orang dirumah,0
tiba tiba mati tidak bisa buat buka apaapa saudara laki-laki,0
sudah by wa isolir saya sebelumnya itu masi awal bulan per tanggal jadi meski tanggal pun masi dalam masa iso,0
tagihan bulan indihome bulan ini naik tinggi padahal tidak ada pemberitahuan sebelum nya,0
router denganku saja gada coi aku lagi trading,0
kak cek area ku dong ko lag ya,1
wah ini sih kelewatan minggu putus internet nyesel benar pasang first media,0
saya bikin pengaduan remot stb tidak berfungsi sampai sekarang tidak ada tindak lanjutgmn ini,0
biasane diatas tapi,0
haloo ada masalah apa brader,1
error lagi koneksi ke laptop,0
bukan tidak stabil lagi konek saja tidak oke saya tunggu smpe,0
admin ini memang tidak diproses atau memang lagi diproses cuma tidak ada konfirmasi sudah lebih dari x jam masih belum ada keterangan,0
kenapa harus ada syarat selfie pakai ktp yang penting kan alamat jelas dan alamatnya sesuai,0
admin kok saya tidak bisa akses aplikasi my indihome ya ngeblank putih begitu pas habis login,1
tidak respon nya tidak koneksi nya sama sama lambat ye,0
cek dm admin,1
,1
semenjak saya migrasi ke mbps saya tidak mendapatkan kecepatan diatas mbps ini baru saya cek admin,1
admin tagihan internet naik kah,1
oke terima kasih,1
oke admin mohon di jadwalkan dan mohon di infokan kalau bisa kapan akan datang,1
tidak bisa kirim dm kak mrs soalnya saya tidak di follow,1
setahu saya pembayaran indihome online kan kewajiban kyc nya ada di indihome sebagai mercha,1
baik terimakasih ini sudah bisa lagi,1
tlong anak ksiani penjahat kelamin mister,0
passoword catch play saya dapat kapan ya karena kemarin sudah daftar terima kasih,1
halo admin boleh di cek dm saya,1
ya maaff,0
misi kamu kenapa koneksimu,0
lagi ada gangguan wifinya di cempaka putih ya,1
sudah datang jam tadi tapi jam siang kumat lagi reject kembali masa setiap hari saya harus complain,0
oke terimakasih admin,1
sudah tauu kapan benar itu kan masalah loo tiap hari dan tidak kapan benar nyaa,0
untuk kendala masih terjadi admin,1
oke admin ditunggu,1
kelapa gading lagi gangguan sudah sejam tidak bisa ini,0
halo admin cek dm yaa,1
internet tewas lagi ini,0
ayoo masih siang tidak perlu mancing mancing modem ke restart sudah internetnya masih mati tidak nyala nyala,0
wahaai mau menangis ini dari pagi internet mati  lagi wfh,0
iya sih tapi kan indihome apa urusannya sama pembayaran online kalau transaksi finansial online sih masih oke,0
sampai kapan upaya kamu apa restart saja ini sudah kalau ditanya kamu cuma bisa ngo,0
tolong diajukan pembatalan saja sya tidak jadi pasang dan mohon nya diambil saja kak kelamaan hari,0
ini dari semalem begini terus nyala mati nyala mati zz,0
apa benar sekarang menayangkan intoleranmerawat radikalisme padahal baru masang ini ganti sama,0
tidak bisa kita menjustifikasi smartfren hancur berdasarkan informasi di tempat saja grafik tersebut data resmi,1
standar kyc memang seperti itu kak di semua bisnis yang menggunakan platform pembayaran online bukan cuma pinjol correct me if i'm wrong,1
admin tolong cek dm terima kasih,1
dm sent ya admin tolong segera di follow up iya,1
halo mas dari hari lalu internet mati tibatiba kali sekarang constant spike ping,0
kumo cek,1
mohon dibantu,1
saya pernah selfie pakai ktp cuma buat layanan keuangan itu juga terbatas cuma buat yang sering dipake a,1
saya pelanggan firstmedia mau tanya ini teknisi jadi datang atau tidak jadi datang saya dengan pelan,1
sudah connect lagi admin terima kasih,1
kenapa tgihan saya mkin mahel tiap bulan,0
cek lagi dmnya kak adim,1
wkwkwk di daerah sya smarfren hancur boz lambat dan jaringan di desa agak sulit,0
soalnya saya langgaran internet saya yang lain cuma pakai fotokopi ktp saja lagian fotokopi ktp harusnya u,1
baru hari lalu wifinya eror hari ini eror lagi now playing,0
halo jangan cri,0
lambat sekalii,0
wifi saya ada gangguan apa sih kok belakangan ini jadi lambat banget,0
besok boleh deh admin pagi,1
nomor hpnya bisa saya dm,1
layanan nya bgtu buruk ya pasang baru saja hari belum on juga intrnet nya ini kalau untuk pengajuan pembatalan gmna ya caranya,1
nomor pelanggan koneksi nya naik turunmain game jadi tidak enak boy,0
kenapa tagihan saya jumlahnya berbeda ya nomor pelanggan,0
kepada mohon maaf ini saya sebenarnya sudah mau pasang tapi ada syarat selfie pakai ktp saya tidak yakin d,1
kayanye sering benar kejadian gangguan jaringan memang tidak ada perawatan jaringan ya ,0
halo apakah sedang terjadi gangguan di daerah duta kranjibekasi barat atau kakak saya,1
saya sudah deposit untuk pemasangan tapi kenapa smpe sekarang belum dipasang juga,0
sobatt wifi dirumah kenapa tiba tiba tidak bisa ya padahal indikator semua nyalaa mohon di tanggapin sobat,1
jadi bingung by phone cs tidak dilempar ke twitter,0
mati ini admin,0
tidak ah sebentar pada tahu saya jlk,1
lambat banget kamu,0
balas lagi dong,0
admin ini kok internet tiap beberapa menit rto terus yaga ada perubahan sudah,0
indihome saya dari kemarin matii paakk tolong dibeneriinn gabut banget ini elaahh mau nont,0
admin internet rumah saya mati bisa tolong di check kenapa terima kasih,1
cek dm ya admin,1
admin saya main warzone selalu putus belakangan ini bisa tolong dibenarkan,1
ini kenapa dari tadi internetnya mati,0
admin cek dm dong perihal internet indihome saya yang gangguan,1
saya mau berenti saya lah masa setiap hari selalu reject baru tadi pagi jam didatangi teknisi,0
tolong admin lambat sekali biasanya tidak,1
cek dm admin,1
saya kemarin dijanjin malam kemarin selesai tapi kenyataan tidak kap,0
oh oke ngomongngomong nomor pelanggannya kan belum saya berikan,0
bulan kemarin saya bayar nya admin saya isolir dari bulan april ini kali saya isolir perpanjangan apa tidak,0
ini buktinya,0
halo kak saya bukan pelanggan anda loh ini di dm gada tanggepan sama sekali saya sudah minta diselesaikan,0
siang apakah daerah sidoarjo sedang gangguan terinfo layanan wifi untuk id tidak bisa ter,1
saya tunggu proses perbaikannya terima kasih,1
memang saya ngetwitt apa,1
iya admin saya ingin non aktifin cathplay nya karena sudah tidak dipakai,1
masih aktif minta tolong segera di perbaiki ya terimakasih,1
belum juga ini sudah hampir x jam menyebalkan sekali karena dimasa pandemi seperti sekarang ini s,0
emm di telekomunikasi jaringannya sering limited tidak,1
terima kasih informasinya kenapa tidak pemberitahuan sebelumnya karena jadwal kerja kan tidak bisa diubah dadakan mo,1
semoga segera diperbaiki,1
disuruh lewat dm tapi tidak bisa di dm bagaimana ini id pelanggan sudah lebih limit rest,0
sudah tetapi masih tidak bisa juga,0
connection turun woii ini bagaimana sihh,0
kakak maaf ini sebelum nya ini pelayanan perbaikan nya kok kurang memuaskan ya saya sudah laporan tapi balasa,0
ngakakkakak,0
masa ping ke google saja request time out nya banyak lambat benar ini,0
tadi pagi sewaktu di refresh jaringan sama kakak joey jaringan sudah oke tetiba ada balasan via dm jaringan kembali drop,1
kalian tidak lelah apa jaringan nya jelek terus,0
pasang baru apa selalu lama begini,0
cek dm lagi ya admin,1
kaget aku wkwkw,1
udahh,1
saya ada psg baru triple play tapi sudah hari teknisi belum psg stb bagaimana ini,0
halo indihome sudah hari ke ini pihak indihome selalu umbar janji saya sudah melakukan deposite tapi tdk,0
gangguan internet lagilagi id tolong saraninfo ini hari kerja jadwal wfhsesi online terganggu terima kasih,0
masih belum bisa ini,0
admin internet sama tv off dari kemarin siang boleh tolong di cek,1
saya bingung dengan indihome penjelasan operator tidak ada yang sama pejlasan yang sama cuma suruh restart modem aj,0
kak gita maw aku ajak nonton iland tidak,1
emosi banget saya sama lagi hamil darah tinggi saya naik deh garagara ngurusin internet begini saja,0
admin bagaimana sih proses migrasinya kenapa belum nanti habis bulan juga mau bayaran lagi,0
terus saya balikin si ini kemana ya soalnya sudah tidak terpakai lagi,1
admin cek dm,1
tiap malam selama harian ini nomor internet terus giliran nyambung speed cuma antara mbps he langganane ,0
halo admin silakan di cek dm saya ya terima kasih,1
akang gendangg,1
haloo kak bisa di cek kan ya itu nomor idnya dan kalian belum ada dm loh mengenai masalah ini padahal s,0
jam sudah tidak mengakses internet pakai jaringan wifi hanya berjarak meter dari kamar ke router di dekat tv,0
semua pasti meningkatkan cuma kalau tidak ada bukti dan tetap lambat ya jelas customer pindah ke tel,0
kiw dicari akang gendang,1
tolong indihome kenapa kalau siang siang suka lambat,0
tapi bagaimana ya soalnya ini wifi limited sama tv tidak ada sinyal kirain karena belum bayar apa bagaimana ya,1
om wifi saya tolong di anuin iya,1
follow back saya dong qaqa,1
admin tolong cek dm saya,1
untuk pertanyaan saya pertama bagaimana ya apakah channel pilihan orang sisanya akan juga berga,1
lebih baik benar give away ini masalahnya w pasang wifi tapi id pelanggan tidak tersedia,0
punya saya dua hari belum dperbaiki kmren sudah hari bisa sbentarnd,0
mantap,1
iya turun jaringan ya bukan ada kabel yang putus,0
dicari mas,1
dimana kang,1
aku cewek,1
sinyal aku jelek terus ini dari kemarin nanti aku maw nonton iland bagaimana tanggung jawab aku maw lihat jay jake aku,0
admin tolong cek dm saya yaa,1
beruntung banget internet provider lain yang jauh lebih bagus gamasuk daerah rumah kalau masuk sudah diganti dari dulu kali,0
sudah dari kapan admin tapi tetap tidak bisa,0
sedang gangguan di daerah cengkareng admin,1
selamat siang internet rumah saya dengan nomor internet eror ada indikator lampu merah men,1
jika tidak ada kartu pelajar apakah bisa digantikan dengan surat keterangan dari sekolah,1
baik terimakasih ditunggu kabar selanjutnya,1
internet rumah saya lampu putus menyala,1
mungkin gratis kali bulan ini hadiah giveaway dari pusat,1
sama sekali belum bisa terkoneksi ke internet,0
indonesia darurat ideologi radikalisme harus kita akui gagal disini kepemimpinannya,0
halo admin mau tanya paket phoenix yang masih ada terus untuk cara pasang dan berlangganannya gima,1
sudah admin tetep saja error tidak bisa terhubung internet tolong balas dm saya ya,1
apakah nama dan nomor hp nya yang sudah terdaftar sebagai pelanggan,1
saya kira tadi sudah selesai ternyata masih dibalas sama rekan egi tolong dicek lagi dmnya terima kasih,1
admin mau bertanya ini kalau mau bayar tagihan pakai nomor pelanggan kan tadi saya mau bayar tapi kata n,1
segitu mah masih bagus pingnya dibanding saya tertawa,1
hai robot informasi gerai untuk pengaduan daerah bandung dimana dan informasi jam oprasionalnya,1
putus nya merah melulu heran kurang afdhal kayaknya kalau seminggu sekali tidak ngadat,0
buruan ya admin lagi seru ini nonton drakornya,1
terimakasih banyak fast responx,1
wes mari sam suwun,1
baru coba dan nomor tipu tipu terima kasih ya,1
baik saya tunggu hyung,1
wifi kamu susah banget jalan heran,0
ke plasa telekomunikasi mengurus pergi layanan kok bahkan muncul laporan mutasi aduh bagaimana si,0
terima kasih admin,1
blss dm,0
oyee ovi mana gisa,0
gamungkin iku hotline nasional,0
siang admin kenapa jaringan wifi saya status wan nya disconnected dan mengalamai isp time out saya jadi,1
halo admin ini kenapa jadi sering lambat sih tolong di cek lagi id wifinya lambat banget terima kasih,1
eh sumpah lambat banget tidak berbohong saya masa line saja tidak terkirim,0
iya admin tapi gbisa saya balas dm nya,0
terima kasih admin wifi nya sudah benar,1
iya gisa,1
kok tampilan nonton di layar tv saya beda sama di website nya indihome sih,0
cek dm nya admin,1
admin jika mau bayar tagihan tapi lupa id pelanggan dengan email itu bagaimana,1
admin indihome cek dm ya,1
meningkatkan jaringan tentu dilakukan provider setiap tahun pasti meningkatkan kalau mereka tidak up,1
dengan terus berlangganan atau memakai telkomsel berarti anda menyukseskan apa yang menjadi tujuan orang orang ini,0
halo siang ini kenapa ya internetnya limited padahal saya cek di web tidak ada gangguan di mod,0
signal dan chanel first media sudah masuk hari ke sangat jelekdan saya mencoba untuk memghubu,0
tidak punya kabel lan admin,1
tolong cek dm ya admin,1
apakah teknisi akan kerumah,1
internet sudah nyala kembali untuk teknisinya dibatalkan saja terima kasih,1
gro aku wis barr wii pis,1
belum jam sudah lambat lagi ingin marah,0
iya kalau tidak tambah lbh tidak baik pengalaman pribadi sudah gonta ganti kartu tetap sja,0
sialan,0
dengan terus berlangganan atau memakai telkomsel berarti anda menyukseskan apa yang menjadi tujuan orang orang ini,0
kenapa dari semalem gangguan,0
cek dm admin,0
silahkan saja semoga bisa benar dan lantjar koneksinya jika tidak terpaksa saya akan mengakhiri kontrak bulan ini terima kasih,0
saya sudah dm lagi keluhan nya yaa tolong di cek dan di tanggapi,1
sudah cek dan tidak ada perubahan seriusfirstmedia beneran sampah,0
ayo bisa ayo bisini nyampe pingnya xixix,1
siang kak mau tanya ini internet nya lagi gangguan ya ini lagi wfh dirumah segala tidak bisa tol,1
najis gamauu,0
provider lain expand jaringan juga kok tahun lalu jelek sekarang pasti lebih baik,1
kok jahat,0
sudah bisa admin dari jam kemarin malam,1
admin internet dan tv kabel off boleh tolong di cek,1
bapak coba anda yang cek berapa pengurangan tagihannya coba dipikirin itu biaya bulan sekarang,0
admin tolong dibantu respondm saya,1
oke jadinya besok pagi ya terima kasih,1
tolong deh buat indihome mau benerin wifi tu telfon yang bersangkutan bukannya kita yang bahkan tlfn sampai kantor pusat ewh,0
hoi menkk awokaowkawok kamu ada ngedm saya yh tadi belum gwe cek sini poppo dulu,1
kalian sudah menggunakan email maupun nomor telpon saya semenjak maret dan sudah saya berikan laporan tetapi m,0
ini saya sudah minta dari awal juni loh kok dan sudah telpon ke lebih dari tapi manaa penyelesaiannya,0
tapi kok sampai sekarang masiih saja dikirimkan ya katanya sudah di proses dan tidak akan di kirimkan tagihan ata,0
haloo ini saya sudah telpon memberitahukan jika email maupun nomor saya digunakan atas nama orang lain da,1
oke sobat ditunggu dmnya ya,1
tetep saja begini sudah redownload tetep nan giga byte,0
tidak bisa di dm,0
gas diz kalau seperti begitu biar dia sadar njing mati melulu,0
jlek kamu,0
teknisi nya belum sampai rumah daritadi admin,0
cek dm admin saya mah ajuin done great,1
saya lagi butuh banget bahkan gangguan,0
sudah bisa admin terima kasih banyak,1
allahuakbar wkwkwk,1
sebel selalu cuma suruh restart modem padahal aku sudah restart duluan sebelum protes,0
after a long time terima kasih sekarang sudah bisa nonton on my,1
kami bantu refresh yajangan lupa modemnya jangan dicemplungin ke kompor supaya tidak panas,1
saya sudah download aplikasi catchplay di hp cara aktivasi dan log in nya bagaimana,1
ya silahkan datang ke rumah saya kapan bisa datang cek dm ya,1
akhirnyaa perjuangan tidak menghianati hasil,1
ya sudah kalau begitu admin jangan diulang lagi karena bukan hanya merusak kepercayaan saya sama tap,1
mohon maap dengan sangat mengurangi rasa hormat ini dari jam malam sampai sekarang mati njing wifinya,0
saya lagi meeting anjing bisa tidak turun nya tidak jam jam kerja,0
sudah coba restart modemnya menit kakak,0
admin tolong dong internet saya seharian mati kemarin ada dibelakang rumah habis pasang nah setelah abis,0
sudah saya restart modemnya tetep tidak bisa konek dan di komputer lun tanda seru begitu tidak bisa akses,1
lampu indikator nyala satu,0
cuma di indihome streaming spotify saja nge lag,0
haloo kak mau tanya untuk paket indihome yang hanya tv dan internet berapa yahh,1
cetak tagihan cathplay nya atau internetnya ya,1
saya pelanggan nomor siang ini mati,1
jngan cepu,0
coba cek dm,1
maaf saya tidak bisa dm bisa anda dm duluan,1
bang tolong ini orang halu,1
wes urip suwun kabeh,1
tagihan saya selalu melonjak padahal saya cuma pakai internet saja tidak berlangganan tv saya disarankan,0
jl palem jepang panunggangan bar kecamatan cibodas kota tangerang banten,1
baca dm,0
salam siang admin indihome skitar jogja gangguan kah dari smalam sampai sekarang belum ada koneksi sama sekali rout,1
maksudnya bagaimana ya ini saya tidak mau pakai lagi si prime nya biar layanan channel nya cmn ke tv a,1
iya terimakasih atas diskusinya pagi hari ini mudahmudahan dapat memperbaiki layanan kedepannya agar t,1
masih lambat ini admin tolonglah aduh ya allah,0
buat yang punya masalah tidak bisa diakses di kayak saya ternyata memang ketentuannya netflix yang eman,1
burik luu,0
halo admin mau ajuin isolir sementara bagaimana ya,1
ini saya bayar didepan kan untuk promo bulan berarti tercatat deposit coba diliatnya jangan p,0
punyaku putus woi,0
kalau besok baru sembuh berarti sudah lewat jam saya minta kompensasi potong tagihan,0
halo kenapa ini koneksi internet saya mati dari jam sampai saat ini belum nyala juga nomor id saya,1
nomor pelanggan sudah gangguan lebih dari hari tolong informasi kapan perbaikannya selesai terima kasih,1
cek dm admin,1
tolong cek dm,1
halo firstmedia hari ini gangguan lagi ini di tempat saya drh rawamangun kelurahan jati,1
internet saya putus admin sudah saya restart tetap sama saja,1
balas dm,0
belum teregister kok sudah bisa ada tagihan berjalan haeduh,0
silakan cek dm nya,1
mohon bantuan mau meningkatkan tapi yang harga murah kisaran,1
admin mau meningkatkan tapi harga murah gmna admin,1
sudah saya dm ya admin masih gakbisa sudah saya lepas pasang beberapa kali,1
baik terimakasih kak,1
terima kasih sudah di unblock netflixnya sekarang ke lambat an nya bisa di unblock juga tidak babik,0
nihh indihomenya lambat admin,1
saya tidak bisa dm ini nomor pelanggan nya,0
sudah,1
itu kondisi lampu pon dan putus untuk tv cable tidak bermasalaah,1
maksudnya listrik bagaimana admin,1
sampai detik ini belum ada teknisi yang dtng admin tolong lah come on,0
culun benar sih cuy sebelah sana rombongan jenggot pakai isu pki dan komunis sebelah sini pake,0
admin kalau mau copot pemasangan gmna ya atau aku mau ajuin done great,1
silahkan restart routernya kakak,1
kak yang balesin dm masih pegawai training apa bego banget bahasanya kesel saya bisa bedain mana koneksi st,0
terima kasih a memang kontol,0
lalu setelah bulan saya bisa berhenti langganan sampai bulan apa saya dapat bulannya,1
hari berturut turut turun melulu bagaimana ini udeh tahu lagi zaman wfh,0
admin kalau mau berhenti langganan cathplay bagaimana ya caranya,1
jancok indihome pulang pergi,0
indihome saya ada masalah indihome saya tidak aktif kabel lannya saya buka di pengaturan kabelannya di,1
iya jadi yang biasa saja supaya kembali ke tarif normal,1
admin teknisinya kapan ke rumah sayaa tidak ada tindak lanjut daritadi,0
halo admin tolong cek dm,1
admin mohon bantuanya internet sama tv kabelnya tidak bisa sudah hari ini id pelanggan terimakasih,0
eror eror eror lagi haduhh begini deh kalau pasang wifi yang murah selalu saja eror,0
hai admin di daerah meruya lagi gangguan kah kok saya reset tidak bisa konek terus ya mohon informasinya,1
admin bagaimana kelanjutannya ya saya sudah telfon cs sudah complain berulang kali masih belum ada resp,0
tolong donk first media nomor pelanggan daerah meruya jakbar internet turun sejak tadi sian,0
ini kalian gada respon saya anggap sudah diproses ya dan plis jangan ditagihkan bulan dpn,0
indihome juga ada channel,1
maksudnya bisa untuk pelajar tingkat sd smpsmaatau smk,1
admin indihome tolong banget cek dm,1
halo admin tolong di cek id pelanggan saya perihal status pebayarannya saya sudah bayar,1
siang admin internet mati dari jam pagi sampai sekarang masi belum bisa digunakan nomor pelanggan ,1
baru beberapa hari yang lalu sudah datang teknisinya sudah ganti kabel tetep tidak ada perubahan kalau te,0
numpang tanya bukannya nama areanya disebutkan itu termasuk privacy yang harus dijaga first media,0
bisa di informasi kapan soalnya hari esok saya ada acara di rumah,1
siang admin apakah ada gangguan jaringan didaerah rumah saya nomor pel,1
iya sudah selesai tadi pekerjaannya setelah dicek kabel saya ada yang nyabut dan dipasang kabel lain di sl,0
call center susah dihubungiperihal pemutusan,1
mau main apa saya kalau ping sama paket lost segini ya,0
halo admin saya mau balikin smart box prime karena saya sudah tidak menggunakan lagi sedangkan,1
internet saya mati sudah haridikomplain sampai skr teknisi nya tidak,0
mksud kamu apa si suka banget sinyala ghosting,0
indihome juga ada channel,1
advan sketsanya kok begini admin wifi barnya turun naik turun naik bisa hilang sendiri bahkan padahal wifi ru,1
ini belakanga ini kok main game yang server nya dekat packet putus nya gede yah yang atas server nya jauh p,1
rasah ngece kda itu tahu aku maksut kamu,0
aduh banggimana donk saya sudah pakai telkomsel hampir tahun padahal,1
cek dm admin,1
mohon cek kembali dm anda,1
biarin saya kan kembarannya chenle chenle angkut saya,1
farras ngelag jago banget ya,0
tolong cek dm saya,1
iya silahkan direspon kembali,1
maaci bang punya kamu manach,1
tolong cek dm ya,1
hello ketebak yaa internet dari semalem deh mati tadi pagi ngecek estimasi july ,0
oi admin cek dm,0
siang mas ini kenapa ya sudah di restart tetep saja begini,1
wah terima kasih sekali lho atas gangguan tiap bulannya kualitas yang menarik,0
bisa kasih kepastian kapannya,1
halo kakk mohon bantuannya untuk cek dm yaa,1
sudah direstart tetep saja begini,1
saya padang baru dna sudah dipadang dari tanggal tapi kenapa di akun indihome masih statusnya pemasangan,1
siang admin saya mau tanya indihome dirmh saya lampunya hijau tapi internetnya tidak bisa dipakai ini bagaimana ya admin,1
okee sudah,1
wkwkwkw sudah benar kok jadi kita senyum ajah,1
bahkan mereka kenakan denda ketika saya tidak bayarkan tagihan yang tidak saya dapatkan pelayanan,0
deh benar makasi admin,1
sudah bisa admin thank you,1
admin cepat pasangin internetnya dong biar cepat bisa mabar lagi p rumahnya susah sinyal,1
kayaknya banyak yang nomor apalagi sekarang sudah bisa akses netflix banyak yang nonton dirumah,0
masih,0
apa iya memiliki pemikiran seperti ini,1
mohon bantuannya modem indihome saya merah amp tidak tersambung internet cek dm ya,1
kalau lagi turun adminya internetan pakai apa,0
oh my god aku ingin menjadi pcar kak nabil,1
terima kasih untuk responnya mulai besok saya sudah berniat mengakhiri langganan dengan saya sdh,1
mau pasang paket singleplay buat internet bagaimana caranya,1
lapor lewar aplikasi my indihome cepat kok responnya,1
admin sudah restart modem tapi tidak bisa connect ini internetnya saya mau kelas jam,0
tolong dong ditindak itu tidak profesional masa kabel saya dicabut buat dipasang kabel lain k,0
admin balas dm nya ya,1
mohon di ganti emailnya karena email yang pertama salah email yang benar adalah,1
admin tolong banget ini gada penangan serius atau gimanasih capek banget email tiap hari janji mau,0
hai kak regan untuk akunnya sudah di follow back ya apabila ada yang ingin ditanyakan perihal layanan dan pro,1
ngedumel ae kamu seperti,0
netflix aplikasi belum tersedia tetapi akses via browser kok begini ya ketika mau play filmnya,0
saya pelanggan id bagaimana ini jaringannya kok jelek sekarang padahal baru pakai lagi sekitar bulan lalu,0
iki kandanono taa dia mempersulit urusan orang lain,0
selamat siang admin mau bertanya dong support tidak untuk daerah kampung pondok benda jatiasih gg kuncir terima kasih admin,1
masmba ini kenapa lagi ya baru kemarin minggu teknisi datang masa sudah begini lagi hmm,0
jaringan kutaibarat mulai tadi malam gangguan,1
halooid cek firstmediacarejaringan tidak ada masalahtrus ini sudah restart mo,1
selamat siang admin mau bertanya dong support tidak untuk daerah kampung pondok benda jatiasih gg kuncir terima kasih admin,1
kak tolonglah ini kenapa tiba lampu indikator pada routernya ada yang merah kami cafe kak jadi pelang,0
selamat siang admin mau tanya saya pelanggan firstmedia apabila saya pindah rumah untuk proses mela,1
sudah bisa kok sudah pernah dulu langganan,1
baru saja dibayar sudah berulah saja kamu anjing,0
cek dm nya admin,1
ini saya kalau mau berhenti berlangganan bagaimana ya ditelfon tidak bisa melulu tolong direspon ya terima kasih,0
waktu teknisi menghubungi internetnya sedang normal jadi visit dibatalkan jam kemudian internet mati,1
hari ke wifi terusmenerus mengalami masalah hampir setiap menit terputus lalu menyambung lagi dan berulan,0
tolong ya tolong internet rumah saya bermasalah melulu dihubungin gapernah bisa susah banget heran,0
ok brrti sudah sesuai dengan yang di ya,1
kapan ya indibox bisa netflix akan bisa diakses atau tidak sama sekali,1
lah bagaimana telkomsel yang paling luas jaringan dan lumayan stabil internetnyayg laen ambyar,1
ok mohon responnya lagi sudah saya balas,1
manjaa tiap bulan harus ke plaza yang benar saja admin isolasiku sampai lho harusnya cuma,0
tidak kenek dihubungi,0
teman-teman yang tinggal di jaksel ada rekomendasi paket internet selain need your suggestion please terima kasih,1
admin minta tolong cek dm ya,1
hai saya ada laporan by dm ditunggu responnya segera thank you,1
halo mau tanya sekarang tidak ada promo ya kecuali meningkatkan paket kok sedih ya,0
perangkat terhubung hanya yang terhubung buka google sisanya tv yang didalam youtube tidak bisa di,0
tolong cek dm terima kasih,1
kalau bikin penawaran yang serius deh anda kira dimasa pandemi begini gampang apa keluarin uang besok s,0
pada internet karena dari semalam tidak bisa,1
oke sudah,1
selamat siang saya mau konfirmasi transfer sudah dilakukan tapi internet nya tidak ada koneksimhn tanggapannya,0
wes lancar meneh saudara laki-laki terlambat koe le balesi,1
astaga teknisi ini lawak benar deh ditanyain bagaimana cara ganti wireless band ke bilangnya,0
ngehek ini bulan lalu ditawarin paket dibilang hanya bayar terus bulan sampai ,0
admin cepat pasangin internetnya dong biar cepat bisa mabar lagi p rumahnya susah sinyal,1
admin kok masih blumbisa dari kemarin katanya pngecekan terus,0
woi bisa kerja tidak benerin jaringan dari kmaren mati mati melulu,0
itu nomor indihome nya gangguan hari denda berapa kita mintelat kah,0
halo admin mau tanya dong kok tagihan saya naik yaa id terima kasih,0
selamat siang saya ingin pasang internet di tempat usaha dan sudah lapor ke telekomunikasi tapi dibilang belum,0
apa yang berusaha anda sampaikan dengan tiap detik mati sih jing,0
admin oh admin hari ini sudah wifi gangguan tv internet tidak bisa kepakek semua ini,0
admin wifi saya tidak bisa dipake sudah dua hari berturutturut mati lama hidup cuma sebentar terus mati lagi kemarin sudah la,0
jaringan kok begini melulu home home,0
kenapa internet dwon,0
mati lagi,0
terima kasih ya kak waktunya dan cares nya smoga tidak lambat lagi ya,1
kok banga si kamu bangsat jadi terlemot,0
paan si bodoh id pelanggan mau input tiket nomor baca dulu dong bodoh baru balas bagaimana ini cs,0
langsung telfon iku gone sampean kabele onok seng putus,0
ini punya saya padahal pakai yang dan sering l,0
mau minta tolong cek nomor internet amp tv mati tagihan sudah dibayar terima kasih,0
halo admin ini lampu pon menyala merah kenapa ya sudah coba pergi dan restart modem tapi tidak berhasil m,0
oknti saya cobatrims,1
nah begini dong lancar lagi terima kasih,1
agak nyesel tapi ya mau bagaimana begitu,0
samasama kak alby selamat menikmati ya terima kasih juga telah menghubungi kami semoga kakak sehat selalu tetap,1
internet mati lagi,0
bayaran naik melulu layanan amburadul mati ini woey internet berak,0
ada apa kok signal hilang tadi saya lihat ada teknisi diperumahan terus putus signal internet mya bisa bantu,0
halo boleh tolong perbaiki ini jaringannya mati sudah sudah di restart sempat bisa tapi sekarang m,0
kecepatan download biasanya bisa sekarang cuma,0
sama langsung error,0
waw lama banget ya padahal cuma matiin add on saja,0
lambat terus bberapa hari ini menggunakan wifi jarak cuma meter dari router semua konten t,0
status di cek firstmedia online tapi di saya gangguan jaringan bagaimana o terus tidak perlu ganti pera,0
silahkan direfresh saja kak thank you,1
jaringan internet dirumah tidak bisa terkoneksi sudah saya reset tetep saja nomor internet access,0
gajadi disuruh pencet tombol stb sudah bisa kok wkwkw terima kasih firstmedia,1
internet mati pelanggan jakarta,0
maaci bebeh,1
konsep biar indihome baik sama aqyu,1
dipantau jam masih putus admin,0
selamat siang lagi ada gangguan apa bagaimana ya sudah hampir hari internet mati tidak bisa di pake,0
cmiwiww tolong lah indihome,0
kemarin pasang sampai sekarang belum aktif,0
bagaimana ini kalau setiap virtual meeting putus nyambung,0
koneksi kalian sampah dari pagi on off terus lagi online meeting keputus terus sejak mei cek,0
tolong internetnya mati lagi untuk hari sudah tapi tetap tidak bisa penyes,0
sinyal eror terus halaah halaah,0
yang terhormat laporan gangguan internet dengan nomor layanan amp nomor tiket saa,0
selamat pagi internet firstmedia nya sudah hari masalah terus mati nyala sudah restart mod,0
siang ini kejadian lagi jaringan internet tidak stabilputus nyambung,0
nointernet namasubagio permasalahan internet tidak nyala,0
kok lambat internetnya saya sudah restart modem kali kak,0
selamat siang admin apakah di daerah cideng gambir first media sedang gangguan karena dari kemarin,0
jadi saya itu tidak ada yang terkoneksi ke router nya tidak ada id untuk ke alamat dlink,0
lampu modem internet tiba-tiba merah internetnya mati restart modem tidak berpengaruh lagi perlu internet banget buat upload,0
ini kenapa internet nya tidak nyala,0
baik kakak terimakasih,1
ok selalu the best di tengah misi wifi internet nya hilang sinyal,0
call center kenapa tidak bisa di telepon saya ada keluhan,0
pemerintah menganjurkan kita untuk kerja di rumah tapi kalau wifi rumah sudah mati selama dua har,0
kan saya tidak bisa tersambung ke routernya saya sudah dapat email tetap tidak bisa ubah kan harus tersa,0
nomor nama subagio permasalahaninternet tidak nyala,0
kenapa wifi ku tidak bisaa tlong lah aku mau ngegame ini,0
gilak jam hah yang benar saja saya mau kompensasi untuk tagihan bulan juni in,0
walaupu kata kamu lambat tapi alhamdulilah aku gpernah,1
baik admin sudah di dm ya mhon di cek terimakasih atas bantuannya,1
dear firstmedia kenapa saya kalau dm tidak pernah direply,0
anjayy jam pulak suka suka mu saja lah bicara mau sampai jam berapa nya kesall,0
kenapasih gangguan tros dari kemarin kesel sumpah sudah dibenerin gangguan lagi gangguan lgimasa harus tiap har,0
minggu lalu teknisi sudah datang untuk periksa amp pembenahan baik jaringan di dalam maupun luar rum,1
sudah ya,1
disconnect dcan kenapa deh,0
oke kak terima kasih,1
pulang pergi wifi kamu napasi elah error dari kemarin sore tidak bisa dipake,0
sampai kapan ini gangguan wifi admin pusing kali kepala ku bah,0
siang internet dan tv channel tidak bisa semua sudah sejaman wilayah pasarbaru jakpus,0
sumpah parah ini wifi kenapa sihh,0
hari kedepan tidak salah itungannya hmpir minggu dong selama itu kah perbaikannya bukannya s,0
tetap tidak bisa juga login di my first media,0
seriusan banget ini indihome baru tanggal segini sudah lambat banget perasaan dari belum bayar sampai sudah bayar lambat banget deh,0
susah dm,0
masalah internet sudah normal kembali teknisi tidak perlu datang ke rumah terima kasih,1
kalah sama xl di hape saya hiks padahal bayaran perbulan mahalan internet rumah,0
ini tidak bisa lebih lambat lagi apa,0
sudah hari begini admin mohon bantuannya terima kasih,0
id perawatan jaringannya lama banget ya diinfokan dari jam tapi sampai sekarang tidak bisa sudah molor jam,0
tidak bisa connect ke wifi kakak,0
ngadi ngadi kamu mnis jangan ikut ikutan rese seperti kamu ah,0
pak ini wifi indihome kenapa yagak bisa connect di modem pon kelap kelip lampu internet tidak nyalatolo,0
hoo iki marai emosi,0
pelanggan nomor internet mati tolong segera ditindaklanjuti terima kasih,0
netflix bisa diakses kok bisa log in juga tapi ketika klik play tidak bisa,0
informasi ker opo indihome trouble kok nyala merah gaiso digawe ker tulung tulung,0
huhu di php in ini sudah seminggu lebih tidak muncul muncul,0
mncari kesempatan dalam kesempitan mah ini namanya,0
informasi ker opo indihome trouble kok nyala merah gaiso digawe ker tulung tulung,0
wakakakkaka gangguan adalah nama tengah mereka saya mah tidak keitung sebagai orang yang tinggal dipedalaman,0
sudah paling bingung kalau indihome error begini susah banget untuk telepon call cantrenya,0
masih belum ada kabarkah sudah hampir seminggu ini,0
genit anjing,0
halo ini kenapa internet di rumah saya putus ya nomor id tolong penjelasannya apa ini,0
gangguan memulu,0
baik terima kasih jaringan sudah kembali normal,1
gangguan melulu,0
gangguan melulu,0
kasian saya sumpah sumpahin tiep hari betewe lopyuu admin indihome salam buat admin nabil yahh,1
admin wifi sudah harian tidak bisa dipake ini kenapa sudah coba restart,0
kakak tagihan q ko masih sama sie,0
mau nya bagaimana ini sebulan bisa sampai x gangguan hem,0
sudah berulang kali di restart dan di bypass masih seperti itu juga saya tidak bisa wfh ini,0
hai kak jaringan saya tidak tersambung ada tulisan sandi diubah tapi orang di rumah tidak ada yang mengubah,0
tolong buruann,0
mau pasang wifi tapi sudah seminggu tidak padahal deh bayar kata cs nya disuruh terus,0
mengecewakan banget sumpah layanan sudah bayaran naik bahkan tv internet tidak ada uang yang nyala customer,0
tidak bisa di dm bagaimana ya cara biar saya bisa kirim email nya,0
melihat twitter badan usaha milik negara yang satu ini semuanya keluhan tidak ada uang pujian sad saudara laki-laki bumn,0
selamat pagi mulai kemarin wifi tidak bisa digunakan indikator online mati us ds kedip,0
masih kendala yang sama kayak beberapa minggu lalu bulan lalu tahun lalu yang ktanya sedang dal,0
belum mendapatkan id pelanggan karena belum berlangganan baru mau berlangganan tapi tidak ada kel,0
ini seriusan baru tapi masih ada tagihan di wa,0
sudah restart dan ikutin apa kata dm dan belum berubah ada solusi,0
kenapa sering banget gangguan ya kami semua masih wfh dan terkendala karena tidak ada internet,0
cantik banget sudah bisa akses netflix tanpa ribet pakai vpn ayo buruan order netflix bisa langsung dm aku ya,1
sudah sering sekali saya mengeluh soal layanan sampah internet first media tapi sepertinya tidak ada tanggapan at,0
halo masa sampai tidak juga gangguan ini manaa perbaikannya,0
dengan study belajar jadi mudah dan murah melalui aplikasi indihome study anda dapat mengunduh ribuan buku,1
telephone rumah mati sejak mei lalu dan sudah telepon ke beberapa kali dan selalu dicatat lapo,0
halo saya pelanggan nomor kenapa jaringan nya jelek sekali ya dari semalam,0
nanti saya check lagi dan informasi tapi yang ini sering masalah adalah kestabilan signal inter,0
lambat kali bah,0
id mati melulu woi,0
indihome kamu sedang kenapa kok download rada rada lama siih,0
ini gangguan lagisering amat kejadian kaya begini,0
admin kenapa tagihan wifi saya naik  lipat,0
halo tolong perbaikan untuk internet kegiatan wfh jadi sangat terkendala dari pagi sudah mati internetnya,0
tv juga sinyal pon hijau putus tidak menyala,0
akhirakhir ini memang tidak ada gangguan sih tapi jadi lemotnyaa biaya perbulan mahal mau gan,0
id pelanggan input tiket admin gangguan terus saja tiap hari,0
nomor saya dapat kendala dari channel luar yang biasa saya tonton dichannel tersebut ada warnin,0
ini kenapa yaa internet dari kemarin malam mati sampai sekarang belum nyala tolong di cek yaa ken,0
dalam minggu sudah error payaah bangett cs nyaa jugaa bicara tidak konsisten eror yang pertama d,0
lagi kerja pun gangguan pusingg,0
pak maap maap ini telekomunikasi kayaknya harus serius deh nanganin programnya yang namanya fasilitas jelek,0
kak ini ngebalasnya jawaban template kita sekeluarga sampai beli paket internet lagi kompensas,0
sudah saya tidak bisa akses internet tiket support juga dari semalam tidak ada progressnya sampai skg sla ,0
selamat siang saya mau komplain mengenai masalah internet yang tidak ada koneksi nomor id pelanggan,0
pagi kakak wifi saya error dari kemarin padahal sudah pasang pergi terus dan biaya naik terus solu,0
sudah dibalas oleh call centre via email,1
sudah di dm ya admin terima kasih,1
iya aman tapi lan nya saja tidak kerja sama sekali untuk restart syaa sudh matikan modem selama semalam,0
cek terus saja saya sudah komplain lewat telpon lewat aplikasi my indihome tetap saja di telpon oleh,0
selamat pagi saya mau tanya kemarin tanggal juli layanan indihome saya sudah dicabut dan saya sudah me,0
pagi kakak wifi saya error dari kemarin padahal sudah pasang pergi terus dan biaya naik terus solu,0
iflix di tv kok tidak bisa ke puter filmnya Cuma loading saja ini sudah sebulanan tidak bisa bisa smpe sekarang,0
yallah tolong settingan rimot dan tv dibikin user friendly dong susah banget ngajarin orang tua ganti chanell,0
pelaporan dengan tiket ini masih belum ada tindak lanjut ya admin,0
ini sampai kapan ya internet saya bisa sampai saat ini juga tidak bisa sudah hampir hari tidak bisa,0
lagi ada gangguan ya admin,0
admin boleh tolong cek dm,1
saya selalu standby dirumah baik saya tunggu kedatangan teknisi nya,1
internetnya lambat lagi ini admin tolong cek ya id pelanggan,0
selamat pagi buat tanyatanya indihome tv area jakarta selatan saya bisa menelepon kemana ya,1
selamat pagi kak mau tanya untuk paket yang hanya internet dan tv berapa yah,1
admin fastnet saya sudah mati dari hari minggu tiap hari ditanya katanya besok akan benar jaringanny,0
hoo ki tidak wes normal meneh,1
sudah kak mau migrasi dari paket triple play ke dual play streamix nomor pelanggannya,1
sudah bisa admin terima kasih yaa,1
mintol laporan gangguan internet putus merah,0
susah dilakukan tapi tetap masih sama saja,0
sudah terselesaikan ya admin terimakasih,1
tidak bisa di dm kayaknya di lock coba dm duluan,1
plasa telekomunikasi di bandung yang buka dimana ya,1
mau bertanya saja kabel lan nya kok tidak bisa konekk di pc ya,1
hai first media boleh tolong diinfokan apa ada kendala jaringan id pelanggan saya suda,1
terimakasihh,1
jam sek blom balik normal punyaku kemarin bi,0
kumat lambat sekali internet cek dm,0
teknisinya lagi di depan rumah saya,1
admin saya dengan nomor pelanggan tiba tiba internet tidak bisa tersambung mohon bantuannya,0
bahagia anniversary yang ke open all channel dari tanggal sd juli lgsung check stb ter,1
klau memang boat mau puts kena charge bilang dari awal tidak perlu waktu sengaja bust pulsa saya habis,0
kalau memang sengaja may mutusin bilang jangan supaya tagihan membengkak ini sayansudah a,0
novel bagus,1
cerita bagus,1
buku dicap plagiat tapi buya memang jagonya ngedongeng merangsek jiwajiwa pembacanya,1
pembacaan terhenti kerana masuk konflik aduh tidakberapa minat wujud konflik akan mengubah emosi perasaan disambung,1
buku pembaca mengikuti perasaan tokohnya akhir cerita menyesal sedih tapi sungguh buku keren,1
sastra gaya bahasa melayu khas perpaduan cerita cinta klasik apik religius pesan moral pemuda dihujani cinta,1
kemalangan nasib menghantarkan gilang gemilang cinta racun pembunuh mujarab,1
tidakmembaca buku berusia versi suka cerita,1
cerita cinta ditulis agamawan jantung mendalam sekedar kisah cinta tapi tidakapa,1
cerita buku menyayat hati terkesan jiwa tiada menandingi kehebatan buya hamka alam nusantara ulama sastrawan agung,1
bahasa dramatis berbungabunga tak masuk anganku tapi cerita nya indah cerita percintaan terhalang penuh berliku ending menyayat hati gonna read more hamka books after this,1
kisah roman tragis menyentuh gaya penulisan dialog cerdas tak bosan baca,1
tenggelamnya kapal van der wijck mengajarkan arti kehidupan dipenuhi budaya minangkabau novel sungguh eksotis,1
zainuddin kecewa rabak cintanya hayati ditolak kerana adat negeri pinangan lelaki berharta,1
bahasa indah kisah mengusik hati kerana jodoh tidaksampai kehendak tuhan,1
tidakterlalu suka ending penceritaan adat membatasi menarik sejujurnya tapi tidakpaham adat,0
buku bagus makna cinta derajat suku adat keturunan tesis memudar budaya kagum faham ceritanya,1
indahnya bahasa dipakai menyentuh pembaca ceritanya menarik buku indah,1
roman amat bagus rekomendasikan salah harta warisan budaya bangsa,1
memahami arti mencintai buku bahasa penulis benarbenar bahasa melayu tidakberharap tidakkeseluruhan benarbenar menikmati membaca,1
benarbenar cerita dalamnyata tidakada bosanbosannya membacanya cinta cipta karsa melengkapi cerita,1
salah novel klasik indonesia kusuka katanya kontroversi novel meniru salah karya sastrawan mesir benar tahu deh,1
buku banggakan tidaksekedar sedikt membandingkan salah buku fenomenal indonesia baca baca,1
jarang baca tema roman tapi sekalinya baca buku jaman dulunya indonesia syukurlah bagus,1
tidaksemenggetarkan merantau deli kalau merantau deli sudah kali baca menitikkan air mata membacanya,0
baca tidakingat smp ejaan salah novel serius baca,1
kisah cinta sempurna kelaksanaanya penggunaan bahasa dikelaskan klasik agung penguraian halus telus sniper membelah nukleus amoeba,1
bagus banget buku pantas dibaca difilmkan hamka menulis halaman halaman perasaan cerita agak sayapsayap patah dikisahkan lelaki penuh haru cintanya dipisahkan adat,1
bahasanya indah kisah biasa didengar dikalangan masyarakat cinta darjat laksana cinta sudah dara hamka berjaya beremosi membacanya,1
review orang ceritanya seru membaca buku bukunya uzur dimakan usia kutu takut memegang membukabuka halaman halamannya entah pinjam,1
buku bagus kisah sedih ceritanya suka buku ceritanya mengagumkan filmnya bioskop karakter utamanya zanudin pacarnya,1
membaca kisah cinta layla majnun titanic kapalnya suka deskripsi cinta patah hati digambarkan buku buku buku menyentuh hati pembacanya,1
tenggelamnya kapal cinta sejati bahasa puitis halus lagikan tersusun karya buya hamka seharusnya dihayati sindiran masyarakat unsur nasihat teliti tekankan citacita manusia tidakdapat melawan kehendak takdir,1
suka sekali buku sekali membaca penasaran pengin membaca kisah kisah dalamnya cerita menginspirasi kaya akan nilai nilai kehidupan bagus banget pokoknya,1
sejujurnya dipaksa membaca buku bagus banget ini buku recommended,1
kirain cerita seputar karamnya kapal van der wijk tapi jalan ceritanya menarik ditambah bahasa khas buya hamka merindukan masamasa sekolah membaca buku,1
seru novelnya sih dibanding filmnya tapi lebih baik nonton filmnya baca novelnya biar visualisasinya baca kisah hayati bayangin pevita pearce,1
perempuan hanya kekejaman orang dirinnya lupa kekejamannya orang besarnya zainuddin,1
bikin kecewa tenggelamnya kapal hanya diceritakan koran buku ngira kaya titanic,1
unik romantik penuh emosi keindahan bahasanya tidakjemu membacanya berulangulang kali,1
cerita mengharukan sarat hikmah pergulatan manusia adat perasaan takdir,1
cerita cinta mengaduk aduk emosi emosi teradukaduk membaca novel,1
buku romantis percintaan disukai harga pria kesetiaan kekasih pengkhianatan cinta tidakpernah bersatu,1
agungnya cinta zainuddin hayati sungguh hebat ditambah lenggok bahasa hamka indah buatkan jalan ceritanya meruntun jiwa,1
dunia hanya bertiga bercela orang dengki orang tamak loba ketiga orang berdosa luput tangan hakim,1
cinta mengajari lemah tetapi membangkitkan kekuatan cinta melemahkan semangat tetapi membangkitkan semangat abg muluk zainuddin gara cinta nya hayati kisah mengajar manusia terlampau mencintai manusia karya prof haji abdul malik abdul karim amrullah mendahului zamannya,1
novel menceritakan kisah pemuda hidup masyarakat kuat berpegang adat cintanya gadis terhalang kerana adat harta diterbitkan kisah berlaku pemuda berlaku gaya bahasa penulis menyentuh hati,1
awal baca canggung bahasa daerahnya semakin tertantang membaca buku pemilihan katanya unik tak buku tata bahasa kuno this book really amazing,1
sungguh indah susunan katanya jalan cerita ringkas tapi padat pengajaran cerita diterbitkan berpuluh diaplikasikan zaman isu dikupaskan adat definisi cinta pengaruh duniawi menentukan keputusan,1
kisah cinta tak hayati zainudin penceritaan puitis mendayu tragis titanic disangka akan jua rupa takdir tuhan melebihi perempuan hanya kekejaman orang dirinnya lupa kekejamannya orang besarnya,1
tulisan hamka selalunya indah hati remuk bahasanya indah penceritaannya teratur kekuatan watak zainuddin hayati aziz muluk kesemua membantu gambaran penceritaan tenggelamnya kapal tenggelamnya cinta hayati zainuddin dibawa kuburan buku mesti dibaca seumur hidup,1
romantis puitis ianya ditulis menceritakan cerita percintaan hayati zainuddin dibatasi adat keturunan karya buya hamka berharga difikirkan mengapa ditulis ditentang kebanyakan agamawan buku dicetak,1
kisah dinamakan cinta terhalang adat insan mencintai tapi daya adat tak merestui membaca karya hamka akan karya marah roesli kisah siti nurbaya jodoh berlatarbelakang budaya adat padang mengundang kontroversi masanya,1
bagus pembangunan jati pemuda pemudi cuma penamat agak tragik idea salah patah hati membaca suratsurat cinta menyentuh hati romantis karya sastra dimiliki orangorang nusantara,1
ceritanya sederhana tapi mengena mengharu biru baca novel kali menangis kisahnya tragis banget agak tidakkalah keren romeo juliet,1
suka katakata puitis buya hamka jalan ceritaannya menyentuh hati menghayati cerita baik akan menerus mencari buku hasil tulisan beliau sememangnya terbaik,1
hakikatnya sedikit sifat watak utama hayati zainudin kerana sifat manusia pencinta setia berubah sekelip mata kamu orang kejam umpama kamu tak berlaku kejam orang,1
buku jujur relate ayat best ayat jujur hati diterangkan pasal alam pasal gunung pasal nilai murni tapi utus surat penat baca tertawa,1
cinta tidakmelemahkan tapi membangkitkan tapi berhatihatilah penyakit melemahkan cinta keegoan karya agung hamka mencelikkan mata pembaca keagungan cinta menenggelamkan pembaca lautan cinta,1
buku biasa kritik sosialnya kisah cintanya pesan moralnya biasa tidakpernah terbayangkan tokoh agama sekelas buya hamka mampu kisah cinta,1
mahir mengulas novel cinta baik tragis bahagia adakah anggapan awal novel sejarah cerita menuntun hati mengerti tidakmemahami kabarnya novel akan diadaptasi layar perak semoga sukses,1
suka banget bahasa katakata puitis buku sudah duluan nonton filmnya membaca berimprovisasi kisah cinta tragis tapi bersimpati zainudin suka endingnya,1
buku dibelikan brader jitra agak setahun simpan dirak gaya bahasa hamka sastra indonesianya buatku kerap kali tertangguh habiskan bacaan tapi ceritanya enak tidakseperti novel cinta terkesan,1
novel novel baca lulus pilihanku mempengaruhi pilihan bacaan sastraku mencintai buku tua sastra love buya hamka,1
suka kali kenal buku adik lakilaki usia sama minjem novel perpustakaan sekolahnya novel jaman dulu bahasanya sekali tidak jaman dulu mudah dipahami alurnya berisi romantisme klasik menyedihkan,1
mengangkat benturan nilainilai arus zaman menentang arogansi bangunanbangunan masyarakat konvensinoal kukuh dimediasikan kisah tragedi orang mencintai,1
baca buku orang buku terbaik hamka baca dapati hanya kisah cinta bertambahlah terarik plot padat gaya penyampaian mantap nikmati menghabiskan buku sedih tamat bacaan apapun hidup,1
membaca buku kerana buku fenomena kagum karya hamka mampu bertahan berterusan dibaca sahaja niat hamka menulis buku murni kerana allah semoga roh penulis dicucuri rahmat,1
novel sarat akan makna baca smp kelas susah sekali mencerna bahasa novel buka kamus bahasa indonesia bahasanya indah banget quote adat minang tak lapuk hujan tak lekang panas,1
agak lambat menyelesaikan buku menikmati bahasanya indah manis terheranheran era mengapa kesedihan kesengsaraan menimbulkan karya,1
penggunaan bahasa indah membawa tanah jawa contoh terbaik menyerahkan urusan tuhan novel buya hamka baca kali menangis citacita manusia tidakdapat melawan kehendak takdir,1
kalinya suka nonton film adaptasi baca novelnya susah amat penuh perjuangan banget disuruh baca ejaan saya lebih baik baca buku english version,1
kenangan kecilaku membacanya kali masuk sekolah darjah ayahku sibuk alam pelajarannya buku salah koleksinyasampai suka mengulanginya,1
gaya bahasanya syairsyair tempo salah sastra klasik indonesia kenapa hamka memilih judul novel judul efek kejutan penghujung cerita hadir lipat judulnya benarbenar spoiler hamka mampu menghadirkan protes kekakuan budaya cerdas alur cerita dipaksakan,1
kesampingkan gaya bahasa judul spoiler salah novel roman terbaik buatan orang indonesia zamannya,1
buku tulisan hamka tak mengecewakan lenggok bahasa menarik mudah difahami bahasanya indonesia menceritakan kisah percintaan darjat zainuddin hayati hebat berjaya buatkan menangis sebalik kisah percintaan hamka lembut sopan menyedarkan masyarakat memandang kerturunan harta berbanding agama harta kecantikan tidakakan kekal harta tidakmenjamin kebahagiaan sesebuah pasangan highly recommended,1
lelaki tidakbernama emosi peluang tidakmembongkokkan memungut peluang meletakkan sekali peluang darinya merendahkan peluang peluang akan melontarkan menyepak zainuddin hatinya cinta hayati tetapi emosi menutup sukmanya bernafas udara cinta,1
roman bagus suka sastra roman hamka mencerminkan kehidupan masyarakat normal roman hamka melontarkan kritiknya adat minangkabau meninggikan kaumnya katakata pergilah negeri beradat seakanakan orang memiliki adat hanya orang minangkabau roman digambarkan kisah cinta terhalang adat kisah cinta menyedihkan roman patut dibaca orang minangkabau,1
cerita dibuku alami wanitanya orang bugis minangkabau hitungan kejadian nonton film bis jemputan kekantor tapi hanya berkaca disalah stasiun televisi menonton film hanya tidaktahu awal kisah alami keingat seiring nonton film baca bukunya petik pesan nilai moral diutarakan cerita tersebut realitanya dimana adat berperan,1
membaca novel menonton filmnya terhanyut tenggelam novel tenggelamnya kapal van der wijck kisah cinta zainuddin hayati benarbenar jalinan cinta mati sulit tak akan dijumpai novelnovel susunan jenis sastra mengalir membaca novel hanya membaca merasakan terhanyut menyaksikan kisah cinta penghargaan hamka,1
tajuknya membuatkan tertarik membaca kisah kisah kapal van der wijck kisah pelayaran zaman sangka kisah kisah percintaan anak muda zainudin hayati derajat adat bagaimanapun olahan penulis hamka menarik keistimewaan tersendiri membuatkan membacanya tamat,1
genre favorit skip novel angkatan tidakpernah lupa menghadirkan air mata sedih bahagia cerita keteguhan hati zainudin akan pembaca tertarik karakternya akhir cerita salah pikiran terlintas kenapa judulnya tenggelamnya kapal van der wijck pesan moral sekali worthreading percayalaah,1
kedalaman cinta sepasang manusia sekian kalinya lahir ulama hamka latar kehidupan rakyat sumatera tata nilainilai sosial adat agama kental dibuktikan tulisan cinta didasari kemurnian jiwa akan bertahan ruangruang tertutup pintu ajal tak lepas ujian menguji ketulusan pasangan berdua,1
recommends sejengkal jempol jari sungguh tidakpercaya hamka menukil kisah manusia jiwa naluri menyayangi disayangi kisah hati sungguh tidakjemu baca zainuddin hayati percintaan tentangan keluarga disebabkan perbedaan derajat tapi hanya cinta picisan penuh semangat anak muda memperjuangkan kehidupan kecintaan tulus bacalah,1
berkisah anak muda mencintai tetapi dihalang keluarga kerana berbeda derajat situasi biasa orang zaman berpegang teguh adat benda novel bergantung adat baik bergantung peradaban tuhan insyaallah hidup senang cinta diperjuang tapi cinta manusia kamu kecewa mati,1
buku sastra baca duduk kelas sama guru bahasa indonesia tugas meresensi karya sastra memilih perpustakaan buku resensi agak sulit awalnya membaca buku apalagi ejaan atur faktor menyebabkan malas membaca buku awalnya mengikuti jalan ceritanya tak berhenti,1
era mengamati perjalanan kisah hidup zainuddin hayati keramaian padang menyelami hati anak dagang perusuh hati zainuddin akhir hayatnya mencintai hayati lentera hidupnya sepenuh hati cinta suka merayu janjijanji palsu hanya tokoh hidup insan terombangambing permainan takdir,1
belum learn that you want bagus people must have bagus attitude there are some people dislike must patient menghadapi berpikir salah meninggalkan mengikuti baik orang percaya baik,1
membeli naskhah khas kisah zainuddin amat hiba kisah cinta agung lelaki cinta tidakberubah arah cinta darinya beliau mengorak manusia mulia terkenal disanjung masyarakat didunia dimiliki zainuddin sahaja pencinta agung berjasa membaca sentimen hiba luluh luruh airmata mudah kolam airmata melimpah tidaktertahankan,1
akan kah seindah hayati cintanya zainuddin tapi bukankah thomas campbel mengisyaratkan hidup hati tinggalkan mati zainuddin cinta murni tertinggal pertemuan jasmani jasmani terlupa pergabungan badan badan keikhlasan kesucian jiwa diharapkannya allah maha,1
selesai baca van der wijck cerita kehidupan zainudin sedih diusir orangorang asalnya wanita dicintainya memilih menikah pria bahasa berpikir kali baca buku kalimatnya agak sulit dicerna pengaruh pengarangnya hamka tapi over all bagus drama sengsaranya dapat terus pelajaran hidup cinta buku tidak sabar baca buku ronggeng dukuh paruk ahmad tohari,1
bahasanya cantik jalan ceritanya air sungai mengalir tenang berombak mangsa derasnya angin menghibakan hati pembacanya buku tamparan manusia zaman moden bertuhankan mentaliti seakan darah daging riwayat tenggelamnya kapal van der wjick sahaja mengisahkan kisah cinta darjat ianya salah buku terbaik baca,1
menangis membaca buku baik haru bahagia tika sedih nestapa melanda nyata didalamnya terhanyut alur ceritanya menyentuh belajar buku tak hayati malang sungguh kehidupannya bersuamikan lelaki baiklah penuhi hidup mati hanya allah cukup allah bagiku,1
buku buya hamka kubaca buku beliau lindungan kakbah ceritra kasih memilukan hayati zainuddin ending cinta bertemu berujung kematian kasihan sangatsebegitukah entahlah sarat pelajaran bermakna sayang dilewatkan ketagihan,1
tulisan hamka penuh makna mendalam bahasa melayu indonesia awalnya sukar difahami tetapi sejurus muka surat perenggan kisah zainudin pergi merantau kampung ayahnya menempuh pelbagai ranjau dugaan bertemu hayati gadis berketurunan banding zainuddin sedikit menghalang cinta suci indah bait surat,1
ceritanya tonton durasi jam download internetlakonan hebat berjaya membawa watak zainuddin hayatisinggah kedai buku ternampak novel membelinya harga rmedisi kenangkenangan terbitan ptstak masuk baca novel bahasa bahasa indonesiajadi simpan kenangkenangan,1
hamka sastra melayunya kisah tenggelamnya kapal van der wijck klimaks baik bintang cinta janji perasaan dikhianati menghiasi lembar lembar kisah zainuddin hayati kehendaknya,1
karya hamka sarat bahasa halus menyentuh indah sekali kisah tidakberakhir bahagia ending tidakjuga berkisar kapal van der wijck temanya cinta adat agama status sosial citacita persahabatan kisah cinta tidakkesampaian tragedi dibawa mati,1
hidup zaman moden membaca buku dibawa belayar zaman adat santunnya kuat kadang dibelai angan klasik zaman kehidupan zainuddin adik penangan cinta zainuddin hidupnya melarat kemudiannya gemilang dugaan pelbagai cinta bersemi,1
buku favorit awalnya cuma iseng pinjam perpus sekolah bukan hanya tertarik penulisnya buya hamka tapi cari referensi nulis surat cinta wkwkwkwk jujur buku air mata menetes karya hamka sarat pesan moral keindahan teruntai khas penulisnya,1
kesempatan baca lihat titik perpecahan jiwa setianya hujung cerita sahaja akan dapati punca perumitan permasalahan adat adat terlampau kedudukan mejadi oerhatian wang jaminan karya relevan perhatikan,1
damn romantis sekali giung tidakterbiasa sengaja menengok kisah kampus sastra memahami roman segiung apapun dosen mata kuliahnya menugaskan menganalisis karya hamka lumayan ilmu,1
adakah menemui kisah mencabar alam nyata,1
buku akhir cerita sedih mengajarkan jodohmu dunia semoga jodohmu akhirat,1
khusus suka tata bahasanya puitis tidakbiasa seakan diajak jaman buku kali ditulis pribadi suka pengungkapan cinta tapi sedikit diobati tokoh utama mengedepankan agama cinta cinta darinya diambil ngomong-ngomong awas rada php akhirakhir kurang,1
hamka tenggelamnya kapal van der wijck naskah sarat makna susunan bahasa cantik tetapi membosankan tema cerita kuat cinta darjat perjalanan realiti kehidupan nilai agama isu budaya adat keturunan naskah penuh pesan moral pembaca bagus sesuai diskusi pembelajaran malangnya pengakhiran tragik membuatkan salah pembaca tidakmahu mengulang pembacaan naskah tempoh terdekat,1
hmm tidakmendapat informasi signifikan pergerakan nasionalis novel kali terbit dimana dipercaya sejarawan masamasa pergerakan nasionalis ditandai dibuangnya aktivis soekarno hatta sjahrir dilarangnya partai nasional indonesia,1
engkau renggutkan tali pengharapanku tali pengharapanmu bergantung kisah cinta epik zaman pra merdeka dibaca memahami akan cinta lakilaki perempuan,1
asian romeo juliet bagus baca,1
penggunaan bahasa menyebabkan sukar faham akan cerita ceritanya dibaca teliti perlahan isinya kisah sungguh sedih penuh bahasa indah cukup iktibar hidup terutamanya zaman moden pengakhirannya sungguh menghibakan hati selepas akan tonton filemnya insyaallah,1
sarat cinta kisah menyayat hati,1
ulang baca kisah hayatizainudin,1
read twice true hamka undeniablebut not bahagia with this book,1
kuat bacanya asli menangis bombay hahaha alm hamka youre the master ever,1
bacaan sajasaja nak ambil feel keceper,1
lembut susun atur bahasanya jatuh cinta,0
tidakkomentar kaget penggunaan bahasanya kiasan indah,1
silap cuaca berjerebu bilamana habis membaca buku mata berkaca,1
wahnovel tuluscerita penuh perasaan bosansedihgembiraperasaan awangan jatuh cintaputus asa kehidupanbahagia sekejap kemudianuhukbaca ye,1
dibaca kulit hijau deh tua gayut baca mua cinta seharusnya menguatkan melemahkan,1
ceritanya love story tempo kasih tak kaya rome juliet cuma latar nya daerah sumatra barat sedihnya tokoh ceweknya mati tengelam kapal vanderwitch kali dengar buku pas smp bahas spotong cerita novel pas pelajaran bahasa penasaran ceritanya setealah berbulan mencari ketemunya pasar buku jakarta ntah deh kecetakan keberapa cuma harga mahal ribu,1
kagum kelembutan bahasa indonesia buku karya buya hamka baca genre bukubuku pesan elakkan pembacaan sebelum tidaktahu disebabkan mahu mengenali buya hamka baca cuma sarankan mendahulukan menonton filem membaca buku hilang nikmat membaca salam sayang zainuddin lel,1
pedih awal akhir jalinan ceritanya tidakleceh romantisme versus tradisi isu sosial perilaku geleng kepala novel ditulis ulama baca kisah cinta cengeng sebaiknya baca dijamin novel cengeng akan menunduk malu novel tragis pola narasinya mengagumkan,1
seorg pemuda malang malangnya bertimpa timpa muncul sang bunga menghilangkan duka tapi gembira hanya sekejap buku pnuh emosi pendefanasian cinta suci kian dilupakan diganti cinta metarialistik tahu mengklaifikasikan sebagai sad ending bahagia ending,1
its like malay version romeo and juliet some the words did not understand because its either minang indonesian however love the atur where started from village where there car and the village quiet and peaceful with lots traditional custom that they really hold to,1
pilu sedih gembira terkilan marah perasaan berbaurbaur tika membaca buku wah aneh ulama menghasilkan novel zaman nya kecewa zainuddin kerana tidakmenahan hayati,1
karya roman agung prof hamka mengesankan tak berbuat perkara buku tak lepas sebaik sahaja membacanyaberkualiti mencapi depth cerita bukunya,1
salah tugas mingguan entah kenapa buku membosankan katakata indah penuh kiasan bikin enegtokoh zainuddin sekali tidak bikin simpati cengeng,1
wow kisah nyata atau bukantapi masih smpet lihat bangkai kapalnya perairan tubanpas duluskg deh diangkat,1
direkomendasikan dibaca orangtua sekolah roman terkenal masanya berharap menyimpan buku perpustakaan sekolah,1
membaca karya buya hamka menerbitkan pelbagai emosi dalam iniseolah jiwa menyatu jiwa zainudindapat dirasa duka dalam jiwa zainudin mengkhatamkan buku inikehilangan kekasih hati akibat adat resam disanjung dalam masyarakatmembina nama sebagai penulis terkenal membawanya bertemu kartini kekasih hatinya terpisah akibat kekhilafan terburu keputusan,1
karya sastra biasa lbih bgus karya roman romeo juliet skarang buku selalu sya kisah cinta zainuddin hubungi darah darah bugis hayati darah minang hamka mang biasa mengangkat thema biasa,1
kali menekuni buku lepas perkataan ditulis hamka sarat nuansa bahasa cukup indah penuh intipati nasihat pengajaran kadangkala sinis tapi,1
roman terbaik kuba cacerita cinta kekolotan adatbuku sngt menguras emosi pembacanya hamka berhasil membawa pembaca cerita trsbtdan kalimat pntas menggmbrkan isi buku initrue love will never die,1
bahasa ditulis penuh berhatihati tapi baca penuh laju hanya menikmati pinjam buku orang tertawa kena laju sikit baca,1
demmit sedih laa cerita menahan air mata maskulin,1
bahasa bintang jalan cerita bintang,1
jaringan sudah normal kembali,1
