Tweet,Label
ini kenapa internet rumah saya lambat banget ya tolong di cek id,pos
cara berhenti berlangganan bagaimana caranya ya,pos
telfon nomor di atas di suruh lewat twitter lewat twitter suruh hubungi nomor di atas yang benar yang mana,neg
hai admin sepertinya sekarang sudah ok,pos
assalamualaikum nomer pelanggan,pos
ngelag saja terus,neg
all service tv dan internet turun dari jam mohon bantuan penyelesaiannya id pelanggan,pos
mohon cek dm nya admin,pos
dengan terus berlangganan atau memakai telkomsel berarti anda menyukseskan apa yang menjadi tujuan orang orang ini,net
oi mati lagi ini internetnya nomor pelanggan,neg
dengan terus berlangganan atau memakai telkomsel berarti anda menyukseskan apa yang menjadi tujuan orang orang ini,net
kasian hidupku penuh dengan kebohongan lihat ini,neg
sepedanya merk ya,net
smartcardnya sudah dibersihin tapi tetep tidak bisa admin teknisinya bisa datang ke rumah saya saja tidak,pos
jaringannya diperbagus dong kak ini di daerah kayumanis matraman jakarta timur kok jaringannya lambat,neg
cek dm kak,pos
tolong dong di benerin jaringannyaudah seminggu lebih kaya begini sampai ijin tidak kuliah online ini cm gara-gara wifi,neg
sudah lewat menit dan masih belum bisa sudah direstart modemnya dari sini juga tidak bisa,neg
admin tolong check dm saya terima kasih,pos
admin kenapa internet saya bermasalah lagi bulan kemarin sudah gangguan sekarang gangguan lagi bagaimana dong in,neg
admin cek dm saya dongg thankyou,pos
tidak bertanya apa apa,net
bagaimana ini lokasi ciputat tangsel,net
admin mau bertanya kok bulanan jadi naik dan ada tambahan channel tanpa sepengetahuan saya,neg
saya dengan id pelanggan saya berencana untuk berhenti berlangganan firstmedia tolong di kon,pos
dengan terus berlangganan atau memakai telkomsel berarti anda menyukseskan apa yang menjadi tujuan orang orang ini,net
cek dm admin,pos
provider internet paling jelek menurut kalian apa teman-teman kalau saya sih kenapa tidak ada uang obat ,neg
tolong jangan slow respon ya,neg
tolong bantu aktifkan kembali yah admin nomor pelanggan an mohamad achyar kamil tadi jam,pos
masih ngak lancar yaelah bangke,neg
mas sudah hari ini internetnya tidak bisa,neg
halo boleh di cek dm,net
maaf saya coba dm tidak bisa bisa tolong dm dulu sudah itu saya balas terima kasih,net
dengan terus berlangganan atau memakai telkomsel berarti anda menyukseskan apa yang menjadi tujuan orang orang ini,net
saya harap bulan besok tidak kaya begini lagi admin karena saya masi dalam masa isolir masak tiap bulan harus ke plaza,pos
kalau tidak ada laptop bagaimana,net
baru juga bisa wifinya sehariterus gangguan lagitolong di cek admin,pos
sebel akutu dari kemarin begini,neg
iyaa nihh tempatku jugaa,net
dibantu ya kak saya buat baru lagi siapa tahu lupa,pos
itu indihome kalau gadijawab dosa,net
admin tolong cek dm dari saya ya,pos
mohon dibantu internet nya turun,pos
admin ini kenapa ya aplikasi myindihome tidak bisa login setelah update sudah ditungguin otp tapi tidak ada masuk tolong,neg
bisa lihat tidak,net
ini kamu perbaiki restart saja apa bagaimana sih turun lagi ini,neg
sudah,pos
oke siapp terima kasih ditunggu di rumah untuk alamat sudah diketahui berdasarkan id pelanggan kan ya,pos
ini putus bukan tidak stabil punya otak tidak sih,neg
kapan kamu berusaha lebih baik jawaban kamu sama saja turun lagi sekarang gila banget,neg
admin cek dm dong,pos
tolong cek dm,neg
assalamualaikum,net
mohon cek untuk id koneksi internet di tempat saya mati dari tadi pagi tolong dibantu,neg
jam putus apa first media ini bisa dituntut,neg
kakak kira sampai jam brpa yaa soalnya dari semalam belum bisa,pos
woy ini kenapa nomor internet daerah karawaci tangerang saya mau ngemail client jameet,neg
dear jadi tadi aku mesen gofood terus pas mas ojolnya lagi mesen wifinya bermasalah internetnya il,neg
mas kakak bagaimana si masa wifinya lambat banget yatuhan speednya saja cuma aku jadi tidak bisa main rp tahu begitu,neg
hai admin mohon di jadwalkan ulang setelah jam saja karena untuk jam saya ada keperluan keluar rumah,pos
deh lah mati saja teros,neg
saya lagi wfh ini bahkan jaringan eror ini,neg
luar biasa setuju telkomsel tidak mau ikut serta ini,pos
dengan terus berlangganan atau memakai telkomsel berarti anda menyukseskan apa yang menjadi tujuan orang orang ini,net
oy kenapa internet indihome saya ngak lancar ini,neg
oke kakak jan lama lama kak sudah dari bulan maret ini,pos
tertawa kan keno marah laju ndi lantaklah,net
ada akun twitter txt dari pelanggan tidak si,net
saya mau berhenti berlangganan tolong konfirmasinya,pos
kenapa lagi merah mau ngajar online ini oalah bantu dong,neg
mati lagi rumah saya kenapa jadi sering mati begini,neg
sudah saya kirim juga,pos
saya berencana berhenti berlangganantolong di konfirmasi,pos
bayar nak cepat cuma gangguan terus,neg
internet sering seperti ini tapi respon pengecekannya selalu normal padahal internet tidak bisa digunakan,pos
wahai tolong hentikan iklanmu ke nomor telkomsel paket internetmu sudah terkenal bermasalah terutama bagian fup terima kasih,neg
dudududududu paling juga outputan dari keluh kesah anda hanya restart modem,neg
mati lagi citra raya panongan tidak usa banyak tanya dan alasan langsung cek saja,neg
status di web vs faktabukti web first media tidak ada gunanya,neg
terima kasih infonya kakak,pos
main jam segini dari lalu disconnect terusterusan gembel amat sih,neg
misuhnya kurang memuazkan,net
mungkin perhari ini sampai internet saya nyala lagi bakal penuh mas,pos
iya ini terhitung sudah hari lebih anda tidak,net
kita maunya berhenti langganan speedy dengan nomor pelanggan yang sudah saya dm hanya layanan internet yang dimat,pos
henti ah pakai indihome hari ini juga kebetulan ada promo free pemasangan dari first media,pos
baik admin terima kasih ya,pos
halo saya sudah mengajukan registrasi sejak juni tapi kok belum ada surveyfollow up ya ud,net
rekan timeline ku apakah kalian sudah merindukan timeline kalian penuh dengan tweet komplainku ke,net
sudah dilakukan restart tapi masih tidak mau juga,neg
sama,pos
kasar,neg
dengan terus berlangganan atau memakai telkomsel berarti anda menyukseskan apa yang menjadi tujuan orang orang ini,net
gila apa hari nunggunya ini saya butuh koneksi terus kasir jalan pakai apa ini hari jumat masi hari,neg
aku sayang indihome,pos
haruskah aku berpaling darimu,net
menunggu sampai kapan kalau begini setiap hari lebih baik saya langsung berenti saja percuma pakai wifi hanya,neg
saya sudah restart cosmos yang tipe magicom nya kak tapi dompet saya masih saja kosomg,net
sama sama kak budi selamat menikmati kembali layanan indihomenya stay safe stay healthy dan bersama indihom,pos
sudahh,pos
apakah sensi sama saya karena kemarin tawaran optimalisasi ke nya saya tolak,net
indihome sudah lama saya tendangjelek pelayanannya,neg
cek dm yuu,pos
coba restart dulu kemarin aku begitu terus setelah restart bisa,pos
sampai kapan ini admin gada tenggat waktu,net
iya benar sudah saya dm,pos
bulan bulan lalu kan juga mati kenapa saya masih di tagih full jangan ya marah ini saya,neg
kenapa wifi nya tidak bisa nyambung ke internet sudah saya check kok wan status disconnected dan wan failu,neg
sudah capek ngomel,net
bikin kesel terus soalnya,neg
error melulu sih admin minggu ini saja tiga kali lho pasti alasannya perbaikan atau gannguan masa iya,neg
ini indihome kenapa gapernah cepat ya tiap hari lambat kalau keluhan cuma disuruh restrt saja tolong di,neg
nama saya enjel mas,net
tapi tidak ada kotak pesan untuk dm,net
hari jumat jam siang jam kerja saya wfh ngomong-ngomong kerjaan lagi banyak butuh internet ehh dia mati lagi ngelucu juga g,neg
saya pakai kabel lan karena koneksi wifi ke laptop terputus terus bbrp minggu ini tidak ada masalah kabel lan,pos
tolong jangan bikin kesel terus,neg
iya bang ku tny temen yang lain juga dengan gangguan terus beberp sudah normal lagi sekarang punya ku juga barusan normal lagi,pos
hai indihome kalau mahasiswa apakah masuk kategori pelajar,net
hah maksudnya berbayar bagaimana ini,net
kasih tahu kak urie,net
lebih baik indihomo bubar ae deh ngertio we ki tidak guna,neg
sudah diinformasikan lewat dm ya kak tolong di respon sesegera mungkin,pos
lah gangguan juga ya,pos
cara ukur speed test nya bagaimana kak,pos
gangguan masal kayakny,pos
sama bang punya ku juga dibeberapa tempat juga gangguan bang,pos
oh tidak ingin ngecek statusnya kok cuma mau meng apresiasi gangguannya yang terlalu rajin terima kasih lho,neg
tolong dicek indihome saya sudah request gangguan lewat aplikasi indihome smpe tapi tidak ada respon dengan sekal,pos
ini kenapa internet saya tidak terkoneksi ya sudah isi biodata pun di dm di telepon melalui contact center juga sibuk terus,neg
tidak jadi kakak gisa sekarang sudah bisa,pos
terimakasih,pos
tolong cek internet saya tidak bisa jalan nomor internet sudah di dm,pos
wifi mendadak mati lagi tolong dibantu nomor pelanggan terima kasih,pos
berkenan secepatnya bisa,pos
dengan terus berlangganan atau memakai telkomsel berarti anda menyukseskan apa yang menjadi tujuan orang orang ini,net
sudah di dm segera diproses,net
cek dm admin internet di rumah saya tidak konek lampu indikator di modem pada internetnya tidak nyala lampu indikator yang lain nyala,pos
cuy jangan terlalu senang yaa blokiran netflix dibuka ternyata nanti akan berbayar well played,pos
baca dm nya admin,net
woi balas dm teman saya,neg
kemarin mati sekarang mati lagi tiap hari mati ini first media padahal sabtu lalu maintenance,neg
mohon bisa cek dm terima kasih,pos
sebut saja,net
kenapa tv tidak bisa konek,pos
memang lagi error ini wak di wilayah kito aku juga nomor connection,pos
kenapa tagihan saya jadi mahal ya naiknya hampir,neg
sudah x kali sudah bulan kalau dicek di cekblablabla selalu quality,neg
mau bertanya doank saya sudah bayar tapi menggunakan nomor telepon bukan nomor indihomenya berhasil namun status,pos
dear admins wifi di daerah pangkalan jati cinere masih gangguan ya saya check di cekfirstme,net
admin inetku mati sudah hari bagaimana ini obatnya,neg
mau meningkatkan speed juga gagal terus setelah memasukkan nomor ktp,pos
sudah cek dm,net
bedanya apa,net
saya mau verifikasi akun setelah memasukkan nomor ktp muncul itu dan email tersebut tidak saya kenal,neg
tidak admin saya pakai koneksi wifi di kantor bisa,pos
sekarang bahkan internet saya putus tadi saya pindahin modem,pos
baik kak fros,net
sabtu minggu lalu gangguan belum sampai seminggu hari ini gangguan lagi tidak beres ini indihome dijanjiin ,neg
mati kan jujur lagi nonton ini saudara laki-laki,net
sudah dari tadi pagi tidak bisa pakai indihome bagaimana ini dari tadi jaringan terkendala melulu,neg
hai dio boleh cek dm lagi terima kasih,pos
dibales lagi dibilang buat tagihan internet haloo internet dirumah ini kemarin buka baru pakai nama adek,neg
admin tolong di cek dm saya,pos
sini juga indieanjig,neg
sampai kapan kejelasannya menunggu ganti tahun apa bagaimana ya progress seperti mau bangun tol saja lama benar anjing,neg
cek dm ya,pos
jujur ini sinyal lah sejam hilang total saudara laki-laki saudara laki-laki saudara laki-laki,neg
sudah saya dm kakak,pos
mohon tolong cek status internet saya daritadi siang tidak bisa connect network kantor bagaimana mau kerja,neg
sabar ya kak vebby,net
tadi katanya petugas paling terlambat datang jam ini sudah jam tidak ada kabar sama sekali saya dm juga ti,neg
boleh admin tapi datengin teknisi yang sekali panggil kelar ya masalahnya lelah panggil teknisi terus tidak kelar kelar,pos
cek dm admin,pos
kamu baca tweet saya saya sumbang adjustment saya buat loo tidak perlu kamu adjustment terus is,neg
sudah dan masih sama saja,pos
ketidaksempurnaan jangan dijadikan alasan untuk berhenti memperbaiki diri,neg
halo ini sudah hari kali laporan kekantor posar laporan ke kantor daerah tapi bl,neg
sabar aku juga pakai vc atau live lambat banget di komplain juga percuma,neg
nama teknisi nya siapa ya,pos
selamat siang first people mohon maaf atas ketidaknyamanannya mohon kesediaannya atas kedatangan tekni,pos
masa sudah belum selesai you kidding me baru penelusuranngapain ajaa kamu selama ini,neg
internetnya lambat bangeett suka sinyanlnya help dongg,neg
knapa mati di area pegadungan kalideres sepertinya sering kena gangguan ini first media mohon bantu dan solusinya,neg
admin kenapa di rumah saya eror ya first medianya tulisannya nomor signal detected sama tv lagi tulisannya smart card mute,pos
teknisi kamu barusan datang tapi tidak mampu memperbaiki masalah katanya akan dikirim team jaring,pos
jawaban kamu ribet banget dari awal suruh menunggu sudah sebulan tidak ada kejelasan seperti lempar tangan terus,neg
admin ini kok wifi sama tvnya tidak ya dari tadi pagi,pos
nama ali machin nomor hp saya mau menurunkan paket saya yang tadinya internet dengan tv saa mau pa,net
hancur banget koneksi kamu saudara laki-laki,neg
anjgg kenapa kamu tag,neg
bagaimana ya jaringan internet dari jam tidak ada koneksi sedangkan sinyal penuh tolong dong dibantu,pos
ohh okmang indietemen saya di cancel nihbisa bantu tidak,net
admin telpon rumah saya tibatiba tidak bisa menelpon dan pada saat ditelpon statusnya sibuk itu kenapa ya,pos
saja kerenan,net
cek dm admin,pos
nanti lagi dong,net
sudah di dm ya,pos
ini kok begini ya cuma sampai indihome nya gabia nyala,pos
lambat banget sih astaga bisa tidak di reset dari pusat jangan suruh saya on off sendiri karena saya sudah lakukan beru,neg
yang benar saja anda,net
firstmedia kenapa lagi ini wifi cuma bar,neg
sudah coba di restart dulu kak cmos nya,pos
yakk internet masih mati ayoo menit lagi cafe saya buka nihh,neg
halo nomor pelanggan ingin berhenti berlangganan bagaimana prosedurnya,pos
wifi saya sudah hari nomor connection gimanaya call center tidak di angkat saya ada di area jaksel to,neg
selamat sore mas mbatolong dong bagaimana kelanjutannya indihome saya tentang pembayaran tidak sesuai,pos
apa di kurangin ini tagihannya masih tagihan full kok masih gangguan pula itu tulisannya jang,neg
tolong wifi saya tidak koneksi tolong di perbaiki sudah saya restart tetep tidak bisa di pakai wifinya,pos
dear kalau mau berhenti langganan bagaimana caranya ya,pos
halo kak mohon infonya jaringan lambat nomor id sudah di dm,pos
mantap admin butuh bulan buat membereskan kalau wfh melulu tidak hari ini sudah kali on off,neg
kak tolong respon via dm ya kak,net
hai kak gisa ikut seneng deh jaringan indihome di lokasi kembali normal kalau butuh informasi seputar produk,pos
admin tolong cek dm saya ya,pos
tolong cek dm wifi dirumah saya mati bermasalah lagi,neg
tetep saja tidak bisa,neg
kak cek dm saya ya mengenai ini,net
memang jahanam ya indihome,neg
tolong dong diperbaiki segera jaringan indihome sekota jambi lagi bermasalah ini sekarang seminggu ter,pos
admin cek dm dong internetnya gangguan ini,neg
pemakaian dari mana kalau bulan sebelumnya saja sudah isolir dn bulan ini adalah perpanjangan masa cob,neg
ck bagaimana si,net
berapa lama ya kakak soalnya kan wifinya jadi belum bisa dipakai padahal lagi dibutuhin wifinya,pos
dengan terus berlangganan atau memakai telkomsel berarti anda menyukseskan apa yang menjadi tujuan orang orang ini,net
bahkan dikasih tiket sama tidak sahamnya tidak produknya semuanya sensitif,net
indonesia darurat ideologi radikalisme harus kita akui gagal disini kepemimpinannya terlalu l,neg
admin tolong dong ini wifi tidak bisa connect ke device dan tidak ada koneksi,pos
sudah dikirim ke dm admin,pos
komplain via twitter tagihn jadi setelah itu menjelang tanggal tagihan berubah jadi akhirnya saya ke p,neg
tadi sempat hilang lagi sinyalnya admin tapi sekarang sudah oke kayaknya nanti kalau ada kendala lagi saya kabari ya,pos
buset da bang perasaan saya cuma orang dirumah,neg
tiba tiba mati tidak bisa buat buka apaapa saudara laki-laki,neg
sudah by wa isolir saya sebelumnya itu masi awal bulan per tanggal jadi meski tanggal pun masi dalam masa iso,net
tagihan bulan indihome bulan ini naik tinggi padahal tidak ada pemberitahuan sebelum nya,neg
router denganku saja gada coi aku lagi trading,net
kak cek area ku dong ko lag ya,pos
wah ini sih kelewatan minggu putus internet nyesel benar pasang first media,neg
saya bikin pengaduan remot stb tidak berfungsi sampai sekarang tidak ada tindak lanjutgmn ini,neg
biasane diatas tapi,net
haloo ada masalah apa brader,net
error lagi koneksi ke laptop,neg
bukan tidak stabil lagi konek saja tidak oke saya tunggu smpe,neg
admin ini memang tidak diproses atau memang lagi diproses cuma tidak ada konfirmasi sudah lebih dari x jam masih belum ada keterangan,neg
kenapa harus ada syarat selfie pakai ktp yang penting kan alamat jelas dan alamatnya sesuai,net
admin kok saya tidak bisa akses aplikasi my indihome ya ngeblank putih begitu pas habis login,pos
tidak respon nya tidak koneksi nya sama sama lambat ye,neg
cek dm admin,pos
,net
semenjak saya migrasi ke mbps saya tidak mendapatkan kecepatan diatas mbps ini baru saya cek admin,pos
admin tagihan internet naik kah,pos
oke terima kasih,pos
oke admin mohon di jadwalkan dan mohon di infokan kalau bisa kapan akan datang,pos
tidak bisa kirim dm kak mrs soalnya saya tidak di follow,net
setahu saya pembayaran indihome online kan kewajiban kyc nya ada di indihome sebagai mercha,pos
baik terimakasih ini sudah bisa lagi,pos
tlong anak ksiani penjahat kelamin mister,net
passoword catch play saya dapat kapan ya karena kemarin sudah daftar terima kasih,pos
halo admin boleh di cek dm saya,pos
ya maaff,neg
misi kamu kenapa koneksimu,neg
lagi ada gangguan wifinya di cempaka putih ya,pos
sudah datang jam tadi tapi jam siang kumat lagi reject kembali masa setiap hari saya harus complain,neg
oke terimakasih admin,pos
sudah tauu kapan benar itu kan masalah loo tiap hari dan tidak kapan benar nyaa,neg
untuk kendala masih terjadi admin,pos
oke admin ditunggu,pos
kelapa gading lagi gangguan sudah sejam tidak bisa ini,neg
halo admin cek dm yaa,net
internet tewas lagi ini,neg
ayoo masih siang tidak perlu mancing mancing modem ke restart sudah internetnya masih mati tidak nyala nyala,net
wahaai mau menangis ini dari pagi internet mati  lagi wfh,neg
iya sih tapi kan indihome apa urusannya sama pembayaran online kalau transaksi finansial online sih masih oke,net
sampai kapan upaya kamu apa restart saja ini sudah kalau ditanya kamu cuma bisa ngo,neg
tolong diajukan pembatalan saja sya tidak jadi pasang dan mohon nya diambil saja kak kelamaan hari,neg
ini dari semalem begini terus nyala mati nyala mati zz,neg
apa benar sekarang menayangkan intoleranmerawat radikalisme padahal baru masang ini ganti sama,net
tidak bisa kita menjustifikasi smartfren hancur berdasarkan informasi di tempat saja grafik tersebut data resmi,net
standar kyc memang seperti itu kak di semua bisnis yang menggunakan platform pembayaran online bukan cuma pinjol correct me if i'm wrong,pos
admin tolong cek dm terima kasih,pos
dm sent ya admin tolong segera di follow up iya,pos
halo mas dari hari lalu internet mati tibatiba kali sekarang constant spike ping,neg
kumo cek,net
mohon dibantu,pos
saya pernah selfie pakai ktp cuma buat layanan keuangan itu juga terbatas cuma buat yang sering dipake a,net
saya pelanggan firstmedia mau tanya ini teknisi jadi datang atau tidak jadi datang saya dengan pelan,pos
sudah connect lagi admin terima kasih,pos
kenapa tgihan saya mkin mahel tiap bulan,neg
cek lagi dmnya kak adim,pos
wkwkwk di daerah sya smarfren hancur boz lambat dan jaringan di desa agak sulit,neg
soalnya saya langgaran internet saya yang lain cuma pakai fotokopi ktp saja lagian fotokopi ktp harusnya u,net
baru hari lalu wifinya eror hari ini eror lagi now playing,neg
halo jangan cri,neg
lambat sekalii,neg
wifi saya ada gangguan apa sih kok belakangan ini jadi lambat banget,neg
besok boleh deh admin pagi,pos
nomor hpnya bisa saya dm,pos
layanan nya bgtu buruk ya pasang baru saja hari belum on juga intrnet nya ini kalau untuk pengajuan pembatalan gmna ya caranya,pos
nomor pelanggan koneksi nya naik turunmain game jadi tidak enak boy,neg
kenapa tagihan saya jumlahnya berbeda ya nomor pelanggan,neg
kepada mohon maaf ini saya sebenarnya sudah mau pasang tapi ada syarat selfie pakai ktp saya tidak yakin d,pos
kayanye sering benar kejadian gangguan jaringan memang tidak ada perawatan jaringan ya ,neg
halo apakah sedang terjadi gangguan di daerah duta kranjibekasi barat atau kakak saya,pos
saya sudah deposit untuk pemasangan tapi kenapa smpe sekarang belum dipasang juga,neg
sobatt wifi dirumah kenapa tiba tiba tidak bisa ya padahal indikator semua nyalaa mohon di tanggapin sobat,pos
jadi bingung by phone cs tidak dilempar ke twitter,neg
mati ini admin,neg
tidak ah sebentar pada tahu saya jlk,net
lambat banget kamu,neg
balas lagi dong,neg
admin ini kok internet tiap beberapa menit rto terus yaga ada perubahan sudah,neg
indihome saya dari kemarin matii paakk tolong dibeneriinn gabut banget ini elaahh mau nont,neg
admin internet rumah saya mati bisa tolong di check kenapa terima kasih,pos
cek dm ya admin,net
admin saya main warzone selalu putus belakangan ini bisa tolong dibenarkan,pos
ini kenapa dari tadi internetnya mati,neg
admin cek dm dong perihal internet indihome saya yang gangguan,pos
saya mau berenti saya lah masa setiap hari selalu reject baru tadi pagi jam didatangi teknisi,neg
tolong admin lambat sekali biasanya tidak,pos
cek dm admin,pos
saya kemarin dijanjin malam kemarin selesai tapi kenyataan tidak kap,neg
oh oke ngomongngomong nomor pelanggannya kan belum saya berikan,net
bulan kemarin saya bayar nya admin saya isolir dari bulan april ini kali saya isolir perpanjangan apa tidak,net
ini buktinya,net
halo kak saya bukan pelanggan anda loh ini di dm gada tanggepan sama sekali saya sudah minta diselesaikan,neg
siang apakah daerah sidoarjo sedang gangguan terinfo layanan wifi untuk id tidak bisa ter,pos
saya tunggu proses perbaikannya terima kasih,pos
memang saya ngetwitt apa,net
iya admin saya ingin non aktifin cathplay nya karena sudah tidak dipakai,pos
masih aktif minta tolong segera di perbaiki ya terimakasih,pos
belum juga ini sudah hampir x jam menyebalkan sekali karena dimasa pandemi seperti sekarang ini s,neg
emm di telekomunikasi jaringannya sering limited tidak,net
terima kasih informasinya kenapa tidak pemberitahuan sebelumnya karena jadwal kerja kan tidak bisa diubah dadakan mo,pos
semoga segera diperbaiki,pos
disuruh lewat dm tapi tidak bisa di dm bagaimana ini id pelanggan sudah lebih limit rest,neg
sudah tetapi masih tidak bisa juga,neg
connection turun woii ini bagaimana sihh,neg
kakak maaf ini sebelum nya ini pelayanan perbaikan nya kok kurang memuaskan ya saya sudah laporan tapi balasa,neg
ngakakkakak,net
masa ping ke google saja request time out nya banyak lambat benar ini,neg
tadi pagi sewaktu di refresh jaringan sama kakak joey jaringan sudah oke tetiba ada balasan via dm jaringan kembali drop,pos
kalian tidak lelah apa jaringan nya jelek terus,net
pasang baru apa selalu lama begini,neg
cek dm lagi ya admin,net
kaget aku wkwkw,net
udahh,pos
saya ada psg baru triple play tapi sudah hari teknisi belum psg stb bagaimana ini,neg
halo indihome sudah hari ke ini pihak indihome selalu umbar janji saya sudah melakukan deposite tapi tdk,neg
gangguan internet lagilagi id tolong saraninfo ini hari kerja jadwal wfhsesi online terganggu terima kasih,neg
masih belum bisa ini,neg
admin internet sama tv off dari kemarin siang boleh tolong di cek,pos
saya bingung dengan indihome penjelasan operator tidak ada yang sama pejlasan yang sama cuma suruh restart modem aj,neg
kak gita maw aku ajak nonton iland tidak,net
emosi banget saya sama lagi hamil darah tinggi saya naik deh garagara ngurusin internet begini saja,neg
admin bagaimana sih proses migrasinya kenapa belum nanti habis bulan juga mau bayaran lagi,neg
terus saya balikin si ini kemana ya soalnya sudah tidak terpakai lagi,pos
admin cek dm,net
tiap malam selama harian ini nomor internet terus giliran nyambung speed cuma antara mbps he langganane ,neg
halo admin silakan di cek dm saya ya terima kasih,pos
akang gendangg,net
haloo kak bisa di cek kan ya itu nomor idnya dan kalian belum ada dm loh mengenai masalah ini padahal s,neg
jam sudah tidak mengakses internet pakai jaringan wifi hanya berjarak meter dari kamar ke router di dekat tv,neg
semua pasti meningkatkan cuma kalau tidak ada bukti dan tetap lambat ya jelas customer pindah ke tel,neg
kiw dicari akang gendang,net
tolong indihome kenapa kalau siang siang suka lambat,neg
tapi bagaimana ya soalnya ini wifi limited sama tv tidak ada sinyal kirain karena belum bayar apa bagaimana ya,pos
om wifi saya tolong di anuin iya,net
follow back saya dong qaqa,net
admin tolong cek dm saya,pos
untuk pertanyaan saya pertama bagaimana ya apakah channel pilihan orang sisanya akan juga berga,net
lebih baik benar give away ini masalahnya w pasang wifi tapi id pelanggan tidak tersedia,net
punya saya dua hari belum dperbaiki kmren sudah hari bisa sbentarnd,neg
mantap,pos
iya turun jaringan ya bukan ada kabel yang putus,neg
dicari mas,net
dimana kang,net
aku cewek,net
sinyal aku jelek terus ini dari kemarin nanti aku maw nonton iland bagaimana tanggung jawab aku maw lihat jay jake aku,neg
admin tolong cek dm saya yaa,pos
beruntung banget internet provider lain yang jauh lebih bagus gamasuk daerah rumah kalau masuk sudah diganti dari dulu kali,neg
sudah dari kapan admin tapi tetap tidak bisa,neg
sedang gangguan di daerah cengkareng admin,pos
selamat siang internet rumah saya dengan nomor internet eror ada indikator lampu merah men,pos
jika tidak ada kartu pelajar apakah bisa digantikan dengan surat keterangan dari sekolah,pos
baik terimakasih ditunggu kabar selanjutnya,pos
internet rumah saya lampu putus menyala,pos
mungkin gratis kali bulan ini hadiah giveaway dari pusat,pos
sama sekali belum bisa terkoneksi ke internet,neg
indonesia darurat ideologi radikalisme harus kita akui gagal disini kepemimpinannya,net
halo admin mau tanya paket phoenix yang masih ada terus untuk cara pasang dan berlangganannya gima,pos
sudah admin tetep saja error tidak bisa terhubung internet tolong balas dm saya ya,pos
apakah nama dan nomor hp nya yang sudah terdaftar sebagai pelanggan,pos
saya kira tadi sudah selesai ternyata masih dibalas sama rekan egi tolong dicek lagi dmnya terima kasih,pos
admin mau bertanya ini kalau mau bayar tagihan pakai nomor pelanggan kan tadi saya mau bayar tapi kata n,pos
segitu mah masih bagus pingnya dibanding saya tertawa,pos
hai robot informasi gerai untuk pengaduan daerah bandung dimana dan informasi jam oprasionalnya,pos
putus nya merah melulu heran kurang afdhal kayaknya kalau seminggu sekali tidak ngadat,neg
buruan ya admin lagi seru ini nonton drakornya,pos
terimakasih banyak fast responx,pos
wes mari sam suwun,pos
baru coba dan nomor tipu tipu terima kasih ya,pos
baik saya tunggu hyung,pos
wifi kamu susah banget jalan heran,neg
ke plasa telekomunikasi mengurus pergi layanan kok bahkan muncul laporan mutasi aduh bagaimana si,neg
terima kasih admin,pos
blss dm,net
oyee ovi mana gisa,net
gamungkin iku hotline nasional,net
siang admin kenapa jaringan wifi saya status wan nya disconnected dan mengalamai isp time out saya jadi,pos
halo admin ini kenapa jadi sering lambat sih tolong di cek lagi id wifinya lambat banget terima kasih,pos
eh sumpah lambat banget tidak berbohong saya masa line saja tidak terkirim,neg
iya admin tapi gbisa saya balas dm nya,net
terima kasih admin wifi nya sudah benar,pos
iya gisa,pos
kok tampilan nonton di layar tv saya beda sama di website nya indihome sih,neg
cek dm nya admin,pos
admin jika mau bayar tagihan tapi lupa id pelanggan dengan email itu bagaimana,net
admin indihome cek dm ya,net
meningkatkan jaringan tentu dilakukan provider setiap tahun pasti meningkatkan kalau mereka tidak up,net
dengan terus berlangganan atau memakai telkomsel berarti anda menyukseskan apa yang menjadi tujuan orang orang ini,net
halo siang ini kenapa ya internetnya limited padahal saya cek di web tidak ada gangguan di mod,net
signal dan chanel first media sudah masuk hari ke sangat jelekdan saya mencoba untuk memghubu,neg
tidak punya kabel lan admin,net
tolong cek dm ya admin,pos
apakah teknisi akan kerumah,pos
internet sudah nyala kembali untuk teknisinya dibatalkan saja terima kasih,pos
gro aku wis barr wii pis,net
belum jam sudah lambat lagi ingin marah,neg
iya kalau tidak tambah lbh tidak baik pengalaman pribadi sudah gonta ganti kartu tetap sja,net
sialan,neg
dengan terus berlangganan atau memakai telkomsel berarti anda menyukseskan apa yang menjadi tujuan orang orang ini,net
admin cek dm dong,net
kenapa dari semalem gangguan,neg
anjing iya tidak ketok wkkw,net
cek dm admin,neg
silahkan saja semoga bisa benar dan lantjar koneksinya jika tidak terpaksa saya akan mengakhiri kontrak bulan ini terima kasih,neg
saya sudah dm lagi keluhan nya yaa tolong di cek dan di tanggapi,pos
ngomong-ngomong ini aku menunggu kelanjutannya loh kak,net
sudah cek dan tidak ada perubahan seriusfirstmedia beneran sampah,neg
ayo bisa ayo bisini nyampe pingnya xixix,pos
siang kak mau tanya ini internet nya lagi gangguan ya ini lagi wfh dirumah segala tidak bisa tol,pos
najis gamauu,neg
provider lain expand jaringan juga kok tahun lalu jelek sekarang pasti lebih baik,pos
kok jahat,neg
sudah bisa admin dari jam kemarin malam,pos
admin internet dan tv kabel off boleh tolong di cek,pos
bapak coba anda yang cek berapa pengurangan tagihannya coba dipikirin itu biaya bulan sekarang,neg
admin tolong dibantu respondm saya,pos
oke jadinya besok pagi ya terima kasih,pos
tetep akn kalah dengan kebutuhan,net
tolong deh buat indihome mau benerin wifi tu telfon yang bersangkutan bukannya kita yang bahkan tlfn sampai kantor pusat ewh,neg
hoi menkk awokaowkawok kamu ada ngedm saya yh tadi belum gwe cek sini poppo dulu,pos
kalian sudah menggunakan email maupun nomor telpon saya semenjak maret dan sudah saya berikan laporan tetapi m,neg
ini saya sudah minta dari awal juni loh kok dan sudah telpon ke lebih dari tapi manaa penyelesaiannya,neg
tapi kok sampai sekarang masiih saja dikirimkan ya katanya sudah di proses dan tidak akan di kirimkan tagihan ata,neg
haloo ini saya sudah telpon memberitahukan jika email maupun nomor saya digunakan atas nama orang lain da,pos
oke sobat ditunggu dmnya ya,pos
tetep saja begini sudah redownload tetep nan giga byte,neg
tidak bisa di dm,neg
gas diz kalau seperti begitu biar dia sadar njing mati melulu,neg
l tidak kgn saya,net
jlek kamu,neg
teknisi nya belum sampai rumah daritadi admin,net
cek dm admin saya mah ajuin done great,pos
saya lagi butuh banget bahkan gangguan,neg
sudah bisa admin terima kasih banyak,pos
allahuakbar wkwkwk,pos
sebel selalu cuma suruh restart modem padahal aku sudah restart duluan sebelum protes,neg
after a long time terima kasih sekarang sudah bisa nonton on my,pos
panggil aku kanjeng ratu agung dong kak,net
kami bantu refresh yajangan lupa modemnya jangan dicemplungin ke kompor supaya tidak panas,pos
saya sudah download aplikasi catchplay di hp cara aktivasi dan log in nya bagaimana,pos
ya silahkan datang ke rumah saya kapan bisa datang cek dm ya,pos
akhirnyaa perjuangan tidak menghianati hasil,pos
ya sudah kalau begitu admin jangan diulang lagi karena bukan hanya merusak kepercayaan saya sama tap,pos
mohon maap dengan sangat mengurangi rasa hormat ini dari jam malam sampai sekarang mati njing wifinya,neg
saya lagi meeting anjing bisa tidak turun nya tidak jam jam kerja,neg
sudah coba restart modemnya menit kakak,neg
dengan terus berlangganan atau memakai telkomsel berarti anda menyukseskan apa yang menjadi tujuan orang orang ini,net
admin tolong dong internet saya seharian mati kemarin ada dibelakang rumah habis pasang nah setelah abis,net
sudah saya restart modemnya tetep tidak bisa konek dan di komputer lun tanda seru begitu tidak bisa akses,pos
lampu indikator nyala satu,net
cuma di indihome streaming spotify saja nge lag,neg
haloo kak mau tanya untuk paket indihome yang hanya tv dan internet berapa yahh,pos
cetak tagihan cathplay nya atau internetnya ya,net
saya pelanggan nomor siang ini mati,pos
jngan cepu,net
coba cek dm,net
maaf saya tidak bisa dm bisa anda dm duluan,pos
bang tolong ini orang halu,net
wes urip suwun kabeh,pos
tagihan saya selalu melonjak padahal saya cuma pakai internet saja tidak berlangganan tv saya disarankan,neg
jl palem jepang panunggangan bar kecamatan cibodas kota tangerang banten,net
baca dm,net
salam siang admin indihome skitar jogja gangguan kah dari smalam sampai sekarang belum ada koneksi sama sekali rout,pos
maksudnya bagaimana ya ini saya tidak mau pakai lagi si prime nya biar layanan channel nya cmn ke tv a,pos
iya terimakasih atas diskusinya pagi hari ini mudahmudahan dapat memperbaiki layanan kedepannya agar t,pos
masih lambat ini admin tolonglah aduh ya allah,neg
buat yang punya masalah tidak bisa diakses di kayak saya ternyata memang ketentuannya netflix yang eman,net
burik luu,neg
halo admin mau ajuin isolir sementara bagaimana ya,pos
ini saya bayar didepan kan untuk promo bulan berarti tercatat deposit coba diliatnya jangan p,neg
punyaku putus woi,neg
kalau besok baru sembuh berarti sudah lewat jam saya minta kompensasi potong tagihan,neg
halo kenapa ini koneksi internet saya mati dari jam sampai saat ini belum nyala juga nomor id saya,pos
nomor pelanggan sudah gangguan lebih dari hari tolong informasi kapan perbaikannya selesai terima kasih,pos
cek dm admin,net
tolong cek dm,pos
halo firstmedia hari ini gangguan lagi ini di tempat saya drh rawamangun kelurahan jati,pos
internet saya putus admin sudah saya restart tetap sama saja,pos
balas dm,neg
belum teregister kok sudah bisa ada tagihan berjalan haeduh,neg
silakan cek dm nya,pos
dengan terus berlangganan atau memakai telkomsel berarti anda menyukseskan apa yang menjadi tujuan orang orang ini,net
mohon bantuan mau meningkatkan tapi yang harga murah kisaran,pos
admin mau meningkatkan tapi harga murah gmna admin,pos
sudah saya dm ya admin masih gakbisa sudah saya lepas pasang beberapa kali,pos
baik terimakasih kak,pos
terima kasih sudah di unblock netflixnya sekarang ke lambat an nya bisa di unblock juga tidak babik,neg
nihh indihomenya lambat admin,pos
saya tidak bisa dm ini nomor pelanggan nya,neg
sudah,pos
itu kondisi lampu pon dan putus untuk tv cable tidak bermasalaah,pos
maksudnya listrik bagaimana admin,pos
sampai detik ini belum ada teknisi yang dtng admin tolong lah come on,neg
culun benar sih cuy sebelah sana rombongan jenggot pakai isu pki dan komunis sebelah sini pake,neg
admin kalau mau copot pemasangan gmna ya atau aku mau ajuin done great,pos
silahkan restart routernya kakak,pos
kak yang balesin dm masih pegawai training apa bego banget bahasanya kesel saya bisa bedain mana koneksi st,neg
terima kasih a memang kontol,neg
lalu setelah bulan saya bisa berhenti langganan sampai bulan apa saya dapat bulannya,pos
hari berturut turut turun melulu bagaimana ini udeh tahu lagi zaman wfh,neg
admin kalau mau berhenti langganan cathplay bagaimana ya caranya,pos
jancok indihome pulang pergi,neg
indihome saya ada masalah indihome saya tidak aktif kabel lannya saya buka di pengaturan kabelannya di,pos
iya jadi yang biasa saja supaya kembali ke tarif normal,pos
admin teknisinya kapan ke rumah sayaa tidak ada tindak lanjut daritadi,neg
halo admin tolong cek dm,pos
lihat dm,net
admin mohon bantuanya internet sama tv kabelnya tidak bisa sudah hari ini id pelanggan terimakasih,neg
sudah saya dm,net
eror eror eror lagi haduhh begini deh kalau pasang wifi yang murah selalu saja eror,neg
hai admin di daerah meruya lagi gangguan kah kok saya reset tidak bisa konek terus ya mohon informasinya,pos
sudah wajar jangan heran wkwkwkwk,net
mulai sekarang sudah harus putus tak heran jika wahhabi upahan saudi dibiarkan kembang biak karena tak ancam aplg,net
admin bagaimana kelanjutannya ya saya sudah telfon cs sudah complain berulang kali masih belum ada resp,neg
tolong donk first media nomor pelanggan daerah meruya jakbar internet turun sejak tadi sian,neg
ini kalian gada respon saya anggap sudah diproses ya dan plis jangan ditagihkan bulan dpn,neg
indihome juga ada channel,pos
maksudnya bisa untuk pelajar tingkat sd smpsmaatau smk,pos
admin indihome tolong banget cek dm,pos
halo admin tolong di cek id pelanggan saya perihal status pebayarannya saya sudah bayar,pos
siang admin internet mati dari jam pagi sampai sekarang masi belum bisa digunakan nomor pelanggan ,pos
baru beberapa hari yang lalu sudah datang teknisinya sudah ganti kabel tetep tidak ada perubahan kalau te,neg
numpang tanya bukannya nama areanya disebutkan itu termasuk privacy yang harus dijaga first media,neg
bisa di informasi kapan soalnya hari esok saya ada acara di rumah,pos
siang admin apakah ada gangguan jaringan didaerah rumah saya nomor pel,pos
iya sudah selesai tadi pekerjaannya setelah dicek kabel saya ada yang nyabut dan dipasang kabel lain di sl,neg
call center susah dihubungiperihal pemutusan,pos
ayo pasang kak biar in,net
mau main apa saya kalau ping sama paket lost segini ya,neg
halo admin saya mau balikin smart box prime karena saya sudah tidak menggunakan lagi sedangkan,net
internet saya mati sudah haridikomplain sampai skr teknisi nya tidak,neg
mksud kamu apa si suka banget sinyala ghosting,neg
indihome juga ada channel,pos
advan sketsanya kok begini admin wifi barnya turun naik turun naik bisa hilang sendiri bahkan padahal wifi ru,pos
ini belakanga ini kok main game yang server nya dekat packet putus nya gede yah yang atas server nya jauh p,pos
rasah ngece kda itu tahu aku maksut kamu,neg
aduh banggimana donk saya sudah pakai telkomsel hampir tahun padahal,pos
cek dm admin,pos
mohon cek kembali dm anda,pos
biarin saya kan kembarannya chenle chenle angkut saya,net
mulai sekarang sudah harus putus tak heran jika wahhabi upahan saudi dibiarkan kembang biak karena tak ancam aplg,net
farras ngelag jago banget ya,neg
tolong cek dm saya,pos
iya silahkan direspon kembali,pos
maaci bang punya kamu manach,pos
tolong cek dm ya,pos
hello ketebak yaa internet dari semalem deh mati tadi pagi ngecek estimasi july ,neg
oi admin cek dm,neg
siang mas ini kenapa ya sudah di restart tetep saja begini,pos
wah terima kasih sekali lho atas gangguan tiap bulannya kualitas yang menarik,neg
baca dm kakak,net
bisa kasih kepastian kapannya,net
halo kakk mohon bantuannya untuk cek dm yaa,pos
sudah direstart tetep saja begini,pos
saya padang baru dna sudah dipadang dari tanggal tapi kenapa di akun indihome masih statusnya pemasangan,pos
siang admin saya mau tanya indihome dirmh saya lampunya hijau tapi internetnya tidak bisa dipakai ini bagaimana ya admin,pos
okee sudah,pos
wkwkwkw sudah benar kok jadi kita senyum ajah,pos
bahkan mereka kenakan denda ketika saya tidak bayarkan tagihan yang tidak saya dapatkan pelayanan,net
deh benar makasi admin,pos
sudah bisa admin thank you,pos
admin cepat pasangin internetnya dong biar cepat bisa mabar lagi p rumahnya susah sinyal,pos
kayaknya banyak yang nomor apalagi sekarang sudah bisa akses netflix banyak yang nonton dirumah,neg
masih,net
apa iya memiliki pemikiran seperti ini,net
mohon bantuannya modem indihome saya merah amp tidak tersambung internet cek dm ya,pos
kalau lagi turun adminya internetan pakai apa,net
oh my god aku ingin menjadi pcar kak nabil,net
terima kasih untuk responnya mulai besok saya sudah berniat mengakhiri langganan dengan saya sdh,pos
mau pasang paket singleplay buat internet bagaimana caranya,pos
lapor lewar aplikasi my indihome cepat kok responnya,pos
admin sudah restart modem tapi tidak bisa connect ini internetnya saya mau kelas jam,neg
tolong dong ditindak itu tidak profesional masa kabel saya dicabut buat dipasang kabel lain k,neg
admin balas dm nya ya,pos
mohon di ganti emailnya karena email yang pertama salah email yang benar adalah,pos
admin tolong banget ini gada penangan serius atau gimanasih capek banget email tiap hari janji mau,neg
hai kak regan untuk akunnya sudah di follow back ya apabila ada yang ingin ditanyakan perihal layanan dan pro,pos
ngedumel ae kamu seperti,net
netflix aplikasi belum tersedia tetapi akses via browser kok begini ya ketika mau play filmnya,net
saya pelanggan id bagaimana ini jaringannya kok jelek sekarang padahal baru pakai lagi sekitar bulan lalu,neg
mna etminnya,net
jngan cepu tapi mmang knyataan,net
iki kandanono taa dia mempersulit urusan orang lain,neg
biar tunggu direspon,net
selamat siang admin mau bertanya dong support tidak untuk daerah kampung pondok benda jatiasih gg kuncir terima kasih admin,pos
jngan cepu tapi mmang knyataan,net
masmba ini kenapa lagi ya baru kemarin minggu teknisi datang masa sudah begini lagi hmm,neg
jaringan kutaibarat mulai tadi malam gangguan,pos
halooid cek firstmediacarejaringan tidak ada masalahtrus ini sudah restart mo,pos
selamat siang admin mau bertanya dong support tidak untuk daerah kampung pondok benda jatiasih gg kuncir terima kasih admin,pos
kak tolonglah ini kenapa tiba lampu indikator pada routernya ada yang merah kami cafe kak jadi pelang,neg
selamat siang admin mau tanya saya pelanggan firstmedia apabila saya pindah rumah untuk proses mela,pos
memang apa tujuan orangorang itu,net
salah pijit bes harus,net
hp ini selalu aktif kak kaya warung internet jam,net
kalau saya tidak pakai indihome bukan karena masalah kadal gurun alasannya karena indihome mem,net
sudah bisa kok sudah pernah dulu langganan,pos
baru saja dibayar sudah berulah saja kamu anjing,neg
tolong cek dm,net
cek dm nya admin,pos
ini saya kalau mau berhenti berlangganan bagaimana ya ditelfon tidak bisa melulu tolong direspon ya terima kasih,neg
waktu teknisi menghubungi internetnya sedang normal jadi visit dibatalkan jam kemudian internet mati,pos
cek lagi dm,net
hari ke wifi terusmenerus mengalami masalah hampir setiap menit terputus lalu menyambung lagi dan berulan,neg
tolong ya tolong internet rumah saya bermasalah melulu dihubungin gapernah bisa susah banget heran,neg
ok brrti sudah sesuai dengan yang di ya,pos
kapan ya indibox bisa netflix akan bisa diakses atau tidak sama sekali,pos
lah bagaimana telkomsel yang paling luas jaringan dan lumayan stabil internetnyayg laen ambyar,pos
admin tolong reply dm untuk solusi segera yah,net
ok mohon responnya lagi sudah saya balas,pos
manjaa tiap bulan harus ke plaza yang benar saja admin isolasiku sampai lho harusnya cuma,neg
cantik banget,net
dengan terus berlangganan atau memakai telkomsel berarti anda menyukseskan apa yang menjadi tujuan orang,net
masih belum bisa akses internet,net
maaf duain kakak ross,net
mulai sekarang sudah harus putus tak heran jika wahhabi upahan saudi dibiarkan kembang biak karena tak ancam aplg,net
tidak kenek dihubungi,neg
teman-teman yang tinggal di jaksel ada rekomendasi paket internet selain need your suggestion please terima kasih,pos
admin minta tolong cek dm ya,pos
hanya manusia yang berpukir dengan dan punya otak,net
hai saya ada laporan by dm ditunggu responnya segera thank you,pos
halo mau tanya sekarang tidak ada promo ya kecuali meningkatkan paket kok sedih ya,neg
yang lalu refresh juga sudah dilakukan tapi internet tetap tidak stabil di tertentu,net
perangkat terhubung hanya yang terhubung buka google sisanya tv yang didalam youtube tidak bisa di,neg
coba minta klarifikasi tertawa,net
tolong cek dm terima kasih,pos
kalau bikin penawaran yang serius deh anda kira dimasa pandemi begini gampang apa keluarin uang besok s,neg
pada internet karena dari semalam tidak bisa,pos
oke sudah,pos
sudah saya dm ya,net
selamat siang saya mau konfirmasi transfer sudah dilakukan tapi internet nya tidak ada koneksimhn tanggapannya,neg
wes lancar meneh saudara laki-laki terlambat koe le balesi,pos
mulai sekarang sudah harus putus tak heran jika wahhabi upahan saudi dibiarkan kembang biak karena tak a,net
astaga teknisi ini lawak benar deh ditanyain bagaimana cara ganti wireless band ke bilangnya,neg
follow back saya saya setia,net
ngehek ini bulan lalu ditawarin paket dibilang hanya bayar terus bulan sampai ,neg
admin cepat pasangin internetnya dong biar cepat bisa mabar lagi p rumahnya susah sinyal,pos
produk speed on demand apakah masih tersedia,net
pak iki wifine pie pak tulung gek benakno selak arak ngamok aku,net
tertawa iya dit lek aku ndue saham e tak gawekno sutet langsung,net
admin kok masih blumbisa dari kemarin katanya pngecekan terus,neg
woi bisa kerja tidak benerin jaringan dari kmaren mati mati melulu,neg
itu nomor indihome nya gangguan hari denda berapa kita mintelat kah,neg
halo admin mau tanya dong kok tagihan saya naik yaa id terima kasih,neg
balas dm kak,net
selamat siang saya ingin pasang internet di tempat usaha dan sudah lapor ke telekomunikasi tapi dibilang belum,neg
padahal gabut pol jam sgitu,net
admin cek dm,net
apa yang berusaha anda sampaikan dengan tiap detik mati sih jing,neg
admin boleh cek dm tidak wifi saya mati nihhditunggu segera,net
ya terus ini mau di non aktifkan bagaimana,net
admin oh admin hari ini sudah wifi gangguan tv internet tidak bisa kepakek semua ini,neg
tagihannya tidak ada tunggakan mohon dapat dicek kembali di bagian billing terima kasih,net
admin wifi saya tidak bisa dipake sudah dua hari berturutturut mati lama hidup cuma sebentar terus mati lagi kemarin sudah la,neg
jaringan kok begini melulu home home,neg
admin mau tanya total biaya bulanan saya jadi berapa ya jika ingin meningkatkan speed dari ke nomer ind,net
kenapa internet dwon,neg
mohon informasinya apakah layanan internet di kawasan industri hyundai di lippo cikarang sedang ga,net
mati lagi,neg
terima kasih ya kak waktunya dan cares nya smoga tidak lambat lagi ya,pos
untuk nomor hp nya bisa dirubah tidak ya admin,net
brrti saya anaknya iren dong wuaw,net
kok banga si kamu bangsat jadi terlemot,neg
mau bertanya apa daerah cisaranten kulon kota bandung gangguan dari tadi internetnya mati terus tidak bisa di pakai,net
nomor stb nya ya ini admin saya fotoin langsung tolong dibantu,net
dinotis tidak yh,net
paan si bodoh id pelanggan mau input tiket nomor baca dulu dong bodoh baru balas bagaimana ini cs,neg
baiklah dan sekarang buka reddit day,net
iya mohon dicek lagi dmnya sudah saya respon lagi,net
sudah dibalas dm proses secepatnya,net
langsung telfon iku gone sampean kabele onok seng putus,neg
iya admin perlu ditunggu teknisinya dtng ya admin gada atur apa sebelumnya admin,net
ini punya saya padahal pakai yang dan sering l,neg
hai bisa tolong cek dm dan reply,net
admin kalau vocher diskon bayar pakai blibli itu terbatas ko saya tidak dapat melulu yaahh,net
mau minta tolong cek nomor internet amp tv mati tagihan sudah dibayar terima kasih,neg
uninstall terus instal lagi dari playstore restart handphone clear cache masih saja login suruh tunggu,net
barusan nyobain masih belum bisa di browser tv ini,net
halo admin ini lampu pon menyala merah kenapa ya sudah coba pergi dan restart modem tapi tidak berhasil m,neg
oknti saya cobatrims,pos
admin cek dm,net
dibales beneran,net
bakal ada ganti ruginyakah,net
mau tanya ini jatoh temponya jdnya tanggal berapa ya tanggal atau sesuai dengan yang di akun myfirstmedia tanggal,net
nah begini dong lancar lagi terima kasih,pos
agak nyesel tapi ya mau bagaimana begitu,neg
ini internetnya kenapa,net
malu banget,net
samasama kak alby selamat menikmati ya terima kasih juga telah menghubungi kami semoga kakak sehat selalu tetap,pos
internet mati lagi,neg
bayaran naik melulu layanan amburadul mati ini woey internet berak,neg
ada apa kok signal hilang tadi saya lihat ada teknisi diperumahan terus putus signal internet mya bisa bantu,neg
halo boleh tolong perbaiki ini jaringannya mati sudah sudah di restart sempat bisa tapi sekarang m,neg
baca dm sisbro,net
kecepatan download biasanya bisa sekarang cuma,neg
sama langsung error,neg
sudah di dm ya,net
waw lama banget ya padahal cuma matiin add on saja,neg
lambat terus bberapa hari ini menggunakan wifi jarak cuma meter dari router semua konten t,neg
status di cek firstmedia online tapi di saya gangguan jaringan bagaimana o terus tidak perlu ganti pera,neg
jodohku kan gemes juga yang nyandingin harus dong punya buna mana,net
makanya dulu,net
selamat pagi saya mau tanya kemarin tanggal juli layanan indihome saya sudah dicabut dan saya sudah mengemb,net
silahkan direfresh saja kak thank you,pos
jaringan internet dirumah tidak bisa terkoneksi sudah saya reset tetep saja nomor internet access,neg
saya tahu notif kalian jbol,net
gajadi disuruh pencet tombol stb sudah bisa kok wkwkw terima kasih firstmedia,pos
internet mati pelanggan jakarta,neg
dirumah kok lambat kenapa ya perasaan kalau terlambat juga kena denda,net
tidak papa soalnya ku u,net
maaci bebeh,pos
sudah di dm ya kakak gisa,net
konsep biar indihome baik sama aqyu,pos
dipantau jam masih putus admin,neg
selamat siang lagi ada gangguan apa bagaimana ya sudah hampir hari internet mati tidak bisa di pake,neg
sudah sayang kirimkan informasinya ya masmbak egi,net
cmiwiww tolong lah indihome,neg
kemarin pasang sampai sekarang belum aktif,neg
gx saya cinta mati sama kmoe,net
bagaimana ini kalau setiap virtual meeting putus nyambung,neg
koneksi kalian sampah dari pagi on off terus lagi online meeting keputus terus sejak mei cek,neg
tolong internetnya mati lagi untuk hari sudah tapi tetap tidak bisa penyes,neg
moga moga saja wifinya bisa baikan sama gwe,net
sinyal eror terus halaah halaah,neg
aku dan modemnya ldr an kak,net
cek dm dong,net
gausah saja yang ikutan cihuyy,net
yang terhormat laporan gangguan internet dengan nomor layanan amp nomor tiket saa,neg
bisa mekanik saja tidak ya yang ke rumah saya lihat kondisi nya langsung kalau mau rubah sendiri juga sa,net
oke jadi saya mulai bayar tagihannya di bulan depan juli,net
selamat pagi internet firstmedia nya sudah hari masalah terus mati nyala sudah restart mod,neg
berapa tambahan biaya add on pada saya rp rb receh waktu tambah layanan ini di aplikasi my,net
siang ini kejadian lagi jaringan internet tidak stabilputus nyambung,neg
nointernet namasubagio permasalahan internet tidak nyala,neg
kok lambat internetnya saya sudah restart modem kali kak,neg
selamat siang admin apakah di daerah cideng gambir first media sedang gangguan karena dari kemarin,neg
jadi saya itu tidak ada yang terkoneksi ke router nya tidak ada id untuk ke alamat dlink,neg
sudah di dm admin,net
lampu modem internet tiba-tiba merah internetnya mati restart modem tidak berpengaruh lagi perlu internet banget buat upload,neg
ini kenapa internet nya tidak nyala,neg
berarti bulan depan harusnya tagihan normal ya admin,net
informasikan persyaratannya minimal berlangganan bulan dan sudah melunasi tagihan berjalan namun tata cek ka,net
haloo remot saya dipencetpencet tidak jalan ini tolong antarkan remot baru ya,net
bisa tidak speed internetnya tidak sebapuk ini kalian humiliation fetish apa bagaimana sih kok beta,net
baik kakak terimakasih,pos
ok selalu the best di tengah misi wifi internet nya hilang sinyal,neg
baru kemarin komplain net turun hari ini turun lagi lebih baik ganti indovision atau indihome ya firstmediadownterus,net
cc juga admin,net
call center kenapa tidak bisa di telepon saya ada keluhan,neg
iya silahkan untuk merespon lagi dmnya saya sudah membalasnya,net
pemerintah menganjurkan kita untuk kerja di rumah tapi kalau wifi rumah sudah mati selama dua har,neg
iya yakan wkwkwkwk,net
tidak bisa ngegigit yang lain saja bor,net
kan saya tidak bisa tersambung ke routernya saya sudah dapat email tetap tidak bisa ubah kan harus tersa,neg
nomor nama subagio permasalahaninternet tidak nyala,neg
pagi first media mau nanyadi rumah saya ada orang menggunakan first media amp saya ingin mengaktifkan,net
restart modem nya kakak,net
kenapa wifi ku tidak bisaa tlong lah aku mau ngegame ini,neg
sudahh di dm yaa kak,net
gilak jam hah yang benar saja saya mau kompensasi untuk tagihan bulan juni in,neg
walaupu kata kamu lambat tapi alhamdulilah aku gpernah,pos
baik admin sudah di dm ya mhon di cek terimakasih atas bantuannya,pos
cek dm dong admin,net
dear firstmedia kenapa saya kalau dm tidak pernah direply,neg
anjayy jam pulak suka suka mu saja lah bicara mau sampai jam berapa nya kesall,neg
kenapa tidak bisa nyambung,net
indi kenapa deh,net
kenapasih gangguan tros dari kemarin kesel sumpah sudah dibenerin gangguan lagi gangguan lgimasa harus tiap har,neg
admin ini ada tagihan catchplay di tagihan saya kalau saya mau non aktifkan bagaimana ya waktu i,net
minggu lalu teknisi sudah datang untuk periksa amp pembenahan baik jaringan di dalam maupun luar rum,pos
heeh sudah lama semenjak bolt sudah gada balik lagi ke indihome,net
lohh kmu ganti indohome sekarang sayang,net
seperti biasa ya daftarnya kayak pakai operator lain ya,net
terima kasih rekan atas informasinya selanjutnya kami respon yang bersangkutan selamat bekerja kembali bianca,net
sudah ya,pos
tidak usahh pakk ini saja saya tidak boleh datengin orang masuk ke rumah dengan situasi seperti ini le,net
disconnect dcan kenapa deh,neg
halo admin boleh cek dm,net
daftarnya bagaimana ya,net
ini beda kak masalahnya tidak bisa dm saja apa,net
oke kak terima kasih,pos
pulang pergi wifi kamu napasi elah error dari kemarin sore tidak bisa dipake,neg
sampai kapan ini gangguan wifi admin pusing kali kepala ku bah,neg
kalau aku sambat sama jeanny nanti diambekin lagi zhar ketawa jenny sensian sekarang,net
sudah saya dm ya mohon dicek terimakasih,net
siang internet dan tv channel tidak bisa semua sudah sejaman wilayah pasarbaru jakpus,neg
sumpah parah ini wifi kenapa sihh,neg
hari kedepan tidak salah itungannya hmpir minggu dong selama itu kah perbaikannya bukannya s,neg
cek dm admin buat laporan,net
ganti indehoy saja kak,net
astaugfirullah aku sek kerja saudara laki-laki mlebu neroko sak modem modemmu,net
selamat siangsaya mau bayar via transfer atm bcabagaimana yaatrims,net
selamat pagi pengaduan saya dengan nomor tiket bagaimana ya kelanjutanya,net
tetap tidak bisa juga login di my first media,neg
seriusan banget ini indihome baru tanggal segini sudah lambat banget perasaan dari belum bayar sampai sudah bayar lambat banget deh,neg
susah dm,neg
iya da ganti yang lain je kak oke saudara laki-laki,net
admin tolong cek dm terima kasih,net
dahla anying saya mau pacaran sama pak agus saja biar bisa joget ubur ubur tiep hari,net
masalah internet sudah normal kembali teknisi tidak perlu datang ke rumah terima kasih,pos
jalan puncak pesanggrahan blok ini perumahan bukit cinere indah cinere depok,net
kalah sama xl di hape saya hiks padahal bayaran perbulan mahalan internet rumah,neg
ini tidak bisa lebih lambat lagi apa,neg
halo kakak saya juga mengalami hal serupa di kakak masih seperti itu atau sudah bisa ya,net
yang terhormat bisa henti berlangganan via online tidak,net
lucuu,net
ya allah konsep apa ini pakai,net
its blackpink nd weki meki o,net
sudah hari begini admin mohon bantuannya terima kasih,neg
id perawatan jaringannya lama banget ya diinfokan dari jam tapi sampai sekarang tidak bisa sudah molor jam,neg
mngpus lue hina hina indihouse ke nbil gx ska blik,net
tidak bisa connect ke wifi kakak,neg
ngadi ngadi kamu mnis jangan ikut ikutan rese seperti kamu ah,neg
kamu cinta mati ya dengan indihomo,net
pak ini wifi indihome kenapa yagak bisa connect di modem pon kelap kelip lampu internet tidak nyalatolo,neg
halo admin bisa bantu cek resolve wifi kami sejak pagi tadi wifi kami gangguan terimakasih,net
hoo iki marai emosi,neg
halo ada gangguan jaringan lagi ya sudah buka appsnya tidak bisa kirim inquiry juga,net
xixixixixixixi saya maw di rt indihome plz,net
retweetnya tolong aku sudah sponsorin anyways drop nsd kalian saya hype,net
pelanggan nomor internet mati tolong segera ditindaklanjuti terima kasih,neg
netflix bisa diakses kok bisa log in juga tapi ketika klik play tidak bisa,neg
sudah admin mohon di cek dm,net
lah dia sudah unblock netflix,net
admin cara meningkatkan kecepatan internet bagaimana,net
ada dua konsep meng,net
kakak nabil jgan mau dengan najeula dia tmana husna,net
ya ampun jadi ba indihomo,net
informasi ker opo indihome trouble kok nyala merah gaiso digawe ker tulung tulung,neg
huhu di php in ini sudah seminggu lebih tidak muncul muncul,neg
lebih tepatnya dendam nasional sih kak,net
mncari kesempatan dalam kesempitan mah ini namanya,neg
informasi ker opo indihome trouble kok nyala merah gaiso digawe ker tulung tulung,neg
hai admin indihome saya sudah bisa akses netflix tidak,net
sudah saya coba restart saat ini bahkan semakin parah kami kesulitan uploaddownload mohon bantu,net
admin cek dm pleasee,net
sepertinya kakak ada dendam degn indigo,net
indihom sebetulnya mulia berkat dia jadi banyak lowongan kerja jadi cs buat nampung keluhan user jadi ada nilai plus,net
wakakakkaka gangguan adalah nama tengah mereka saya mah tidak keitung sebagai orang yang tinggal dipedalaman,neg
bantu tag,net
sudah paling bingung kalau indihome error begini susah banget untuk telepon call cantrenya,neg
masih belum ada kabarkah sudah hampir seminggu ini,neg
nao jadi ba,net
genit anjing,neg
karena aku harus baik baik sama indihome biar internetnya tidak musuhan sama aku,net
ganti lagi,net
halo ini kenapa internet di rumah saya putus ya nomor id tolong penjelasannya apa ini,neg
gangguan memulu,neg
baik terima kasih jaringan sudah kembali normal,pos
gangguan melulu,neg
gangguan melulu,neg
kasian saya sumpah sumpahin tiep hari betewe lopyuu admin indihome salam buat admin nabil yahh,pos
bukankebanyakan sambat sama tu provider,net
hshshshsh konsepnya,net
kwkwkw jenapa ada sponsornya,net
admin wifi sudah harian tidak bisa dipake ini kenapa sudah coba restart,neg
kakak tagihan q ko masih sama sie,neg
mau nya bagaimana ini sebulan bisa sampai x gangguan hem,neg
pagi adakah solusi untuk masalah ketidakstabilan internet terima kasih,net
iya kak aku dapat informasi itu dari plasa telekomunikasi kalau ada penambahan kabel berapa ya kira kira biay,net
merasa dipermainkan oleh sudah bayar telepon ke sudah hampir kali ganti cs tidak tersolu,net
halo indihome apa bisa putus layanan telepon via online,net
sudah berulang kali di restart dan di bypass masih seperti itu juga saya tidak bisa wfh ini,neg
hai kak jaringan saya tidak tersambung ada tulisan sandi diubah tapi orang di rumah tidak ada yang mengubah,neg
tolong buruann,neg
kayaknya kakak iparku sudah lapor mer,net
mau pasang wifi tapi sudah seminggu tidak padahal deh bayar kata cs nya disuruh terus,neg
mengecewakan banget sumpah layanan sudah bayaran naik bahkan tv internet tidak ada uang yang nyala customer,neg
tidak bisa di dm bagaimana ya cara biar saya bisa kirim email nya,neg
melihat twitter badan usaha milik negara yang satu ini semuanya keluhan tidak ada uang pujian sad saudara laki-laki bumn,neg
xixi lihat deh yang,net
id remote decoder hilang bisa mnta ganti baru,net
selamat pagi mulai kemarin wifi tidak bisa digunakan indikator online mati us ds kedip,neg
halo besok jul tidak ada orang dirumah minggu jul bisa,net
aku kamu laporin dong kan ayah kamu petinggi telekomunikasi,net
masih kendala yang sama kayak beberapa minggu lalu bulan lalu tahun lalu yang ktanya sedang dal,neg
pagi admin mohon cek dm yaa terima kasih,net
admin balas dm admin,net
tolong cek dm ya admin,net
hahaha emgnya dia sejenis menara sutet ya zhar pusat sinyal tertawa,net
belum mendapatkan id pelanggan karena belum berlangganan baru mau berlangganan tapi tidak ada kel,neg
ini seriusan baru tapi masih ada tagihan di wa,neg
sudah restart dan ikutin apa kata dm dan belum berubah ada solusi,neg
kalau kaya begitu knapa ya,net
kenapa sering banget gangguan ya kami semua masih wfh dan terkendala karena tidak ada internet,neg
cantik banget sudah bisa akses netflix tanpa ribet pakai vpn ayo buruan order netflix bisa langsung dm aku ya,pos
parah memang si revi ngejelek jelekin kamu ndi,net
pon nya hijau tv juga bermasalah,net
sudah sering sekali saya mengeluh soal layanan sampah internet first media tapi sepertinya tidak ada tanggapan at,neg
halo masa sampai tidak juga gangguan ini manaa perbaikannya,neg
tolong follow up dm dong kak ini nyala melulu remotnya,net
selamat pagi saya nomor pelanggan kenapa internet saya mati mohon infonya terima kasih,net
saya memutuskan untuk tidak bayar tagihan bulan juni eh sama mereka di tagih tiap minggu pem,net
dengan study belajar jadi mudah dan murah melalui aplikasi indihome study anda dapat mengunduh ribuan buku,pos
sudah di input belum admin,net
telephone rumah mati sejak mei lalu dan sudah telepon ke beberapa kali dan selalu dicatat lapo,neg
halo saya pelanggan nomor kenapa jaringan nya jelek sekali ya dari semalam,neg
nanti saya check lagi dan informasi tapi yang ini sering masalah adalah kestabilan signal inter,neg
lambat kali bah,neg
paket tambahan katanya cm bayar sekali free tahun,net
id mati melulu woi,neg
cek dm kakak,net
mohon dibantu cek dm nya,net
sudah saya dm,net
assalamualaikum aku mau pindah ini wifi nya bisa ikut pindah tidak ini,net
teknisinya akan dijadwalkan kapan ya besok,net
indihome kamu sedang kenapa kok download rada rada lama siih,neg
nomor pelanggan tolong dicek kembali ya kak karena saya sudah bayar tanggal juli lalu i,net
halo lebih baik tanya langsung saja kak,net
halo bos kok saya tidak bisa login dari minggu lalu padahal akun sudah kedaftar,net
halo kak mohon tanggepan keluhan saya donk,net
saya pelanggan ingin menginformasikan untuk berhenti berlangganan layanan first media pe,net
bagaimana admin apa problemnya,net
cukup tidak perlu di bayar saja selama nanti juga di putus sendiri,net
ini gangguan lagisering amat kejadian kaya begini,neg
halo admin mau tanya untuk berhenti langganan tapi keadaan alamat kos tidak ditempati selama corona dan pen,net
admin kenapa tagihan wifi saya naik  lipat,neg
halo tolong perbaikan untuk internet kegiatan wfh jadi sangat terkendala dari pagi sudah mati internetnya,neg
tv juga sinyal pon hijau putus tidak menyala,neg
kapan bisanya kak,net
ya boleh tolong dijadwalkan teknisi,net
akhirakhir ini memang tidak ada gangguan sih tapi jadi lemotnyaa biaya perbulan mahal mau gan,neg
id pelanggan input tiket admin gangguan terus saja tiap hari,neg
ya sudah dicek admin maksudnya itu jumlah tagihannya kok lebih mahal,net
baik thank you infonya semoga bisa diperbaiki segera ya semangat,net
nomor saya dapat kendala dari channel luar yang biasa saya tonton dichannel tersebut ada warnin,neg
ini kenapa yaa internet dari kemarin malam mati sampai sekarang belum nyala tolong di cek yaa ken,neg
dalam minggu sudah error payaah bangett cs nyaa jugaa bicara tidak konsisten eror yang pertama d,neg
lagi kerja pun gangguan pusingg,neg
pak maap maap ini telekomunikasi kayaknya harus serius deh nanganin programnya yang namanya fasilitas jelek,neg
bill saya bulan lalu sama bulan ini kok harganya beda ya bisa tolong bantu cek id pelanggan terima kasih,net
kak ini ngebalasnya jawaban template kita sekeluarga sampai beli paket internet lagi kompensas,neg
mohon cek dm,net
saya mau tanya maksudnya akun relasi itu apa ya ketika verifikasi akun muncul relasi yang sudah ada ema,net
sudah saya tidak bisa akses internet tiket support juga dari semalam tidak ada progressnya sampai skg sla ,neg
selamat siang saya mau komplain mengenai masalah internet yang tidak ada koneksi nomor id pelanggan,neg
pagi kakak wifi saya error dari kemarin padahal sudah pasang pergi terus dan biaya naik terus solu,neg
sudah dibalas oleh call centre via email,pos
apakah sedang ada gangguan,net
sudah saya dm tolong di respon,net
sudah di dm ya admin terima kasih,net
iya aman tapi lan nya saja tidak kerja sama sekali untuk restart syaa sudh matikan modem selama semalam,net
cek terus saja saya sudah komplain lewat telpon lewat aplikasi my indihome tetap saja di telpon oleh,neg
selamat pagi saya mau tanya kemarin tanggal juli layanan indihome saya sudah dicabut dan saya sudah me,net
pagi kakak wifi saya error dari kemarin padahal sudah pasang pergi terus dan biaya naik terus solu,neg
iflix di tv kok tidak bisa ke puter filmnya Cuma loading saja ini sudah sebulanan tidak bisa bisa smpe sekarang,neg
yallah tolong settingan rimot dan tv dibikin user friendly dong susah banget ngajarin orang tua ganti chanell,neg
pelaporan dengan tiket ini masih belum ada tindak lanjut ya admin,net
ini sampai kapan ya internet saya bisa sampai saat ini juga tidak bisa sudah hampir hari tidak bisa,neg
lagi ada gangguan ya admin,net
admin boleh tolong cek dm,net
saya selalu standby dirumah baik saya tunggu kedatangan teknisi nya,net
internetnya lambat lagi ini admin tolong cek ya id pelanggan,neg
selamat pagi buat tanyatanya indihome tv area jakarta selatan saya bisa menelepon kemana ya,pos
selamat pagi kak mau tanya untuk paket yang hanya internet dan tv berapa yah,pos
admin fastnet saya sudah mati dari hari minggu tiap hari ditanya katanya besok akan benar jaringanny,neg
hoo ki tidak wes normal meneh,pos
sudah kak mau migrasi dari paket triple play ke dual play streamix nomor pelanggannya,pos
sudah bisa admin terima kasih yaa,pos
mintol laporan gangguan internet putus merah,neg
susah dilakukan tapi tetap masih sama saja,neg
sudah terselesaikan ya admin terimakasih,pos
tidak bisa di dm kayaknya di lock coba dm duluan,net
plasa telekomunikasi di bandung yang buka dimana ya,net
mau bertanya saja kabel lan nya kok tidak bisa konekk di pc ya,net
hai first media boleh tolong diinfokan apa ada kendala jaringan id pelanggan saya suda,net
terimakasihh,pos
jam sek blom balik normal punyaku kemarin bi,neg
sudah saya dm ya,net
nggo wae,net
cek dm dong tolong banget ini hehehe,net
kumat lambat sekali internet cek dm,neg
cek dm please,net
sak indonesia raya merdeka tom,net
le larang kirokiro opo nek murah i racocok nggo hpku e,net
teknisinya lagi di depan rumah saya,pos
tak kiro gonku tok,net
admin saya dengan nomor pelanggan tiba tiba internet tidak bisa tersambung mohon bantuannya,neg
bahagia anniversary yang ke open all channel dari tanggal sd juli lgsung check stb ter,pos
klau memang boat mau puts kena charge bilang dari awal tidak perlu waktu sengaja bust pulsa saya habis,neg
om tolong di cek ini wifi kenapa mati nyala nomer pelanggan deh saya dm,net
kalau memang sengaja may mutusin bilang jangan supaya tagihan membengkak ini sayansudah a,neg
novel bagus,pos
cerita bagus,pos
buku dicap plagiat tapi buya memang jagonya ngedongeng merangsek jiwajiwa pembacanya,pos
pembacaan terhenti kerana masuk konflik aduh tidakberapa minat wujud konflik akan mengubah emosi perasaan disambung,pos
buku pembaca mengikuti perasaan tokohnya akhir cerita menyesal sedih tapi sungguh buku keren,pos
sastra gaya bahasa melayu khas perpaduan cerita cinta klasik apik religius pesan moral pemuda dihujani cinta,pos
kemalangan nasib menghantarkan gilang gemilang cinta racun pembunuh mujarab,pos
tidakmembaca buku berusia versi suka cerita,pos
cerita cinta ditulis agamawan jantung mendalam sekedar kisah cinta tapi tidakapa,pos
cerita buku menyayat hati terkesan jiwa tiada menandingi kehebatan buya hamka alam nusantara ulama sastrawan agung,pos
bahasa dramatis berbungabunga tak masuk anganku tapi cerita nya indah cerita percintaan terhalang penuh berliku ending menyayat hati gonna read more hamka books after this,pos
kisah roman tragis menyentuh gaya penulisan dialog cerdas tak bosan baca,pos
tenggelamnya kapal van der wijck mengajarkan arti kehidupan dipenuhi budaya minangkabau novel sungguh eksotis,pos
zainuddin kecewa rabak cintanya hayati ditolak kerana adat negeri pinangan lelaki berharta,pos
bahasan adat agama pesan perhatikan memaafkan,net
buku hmm membacanya jam pelajaran bahasa indonesia memang bagus sih judulnya ceritanya diakhir awal,net
buku berisi penantian cinta pemuda tulus gadis cintanya terhalang adat berbeda belah,net
bahasa indah kisah mengusik hati kerana jodoh tidaksampai kehendak tuhan,pos
kesusasteraan literasi tahap tanah seberang tapi baca bukubuku karangan buya hamka frustasi ending,net
tidakterlalu suka ending penceritaan adat membatasi menarik sejujurnya tapi tidakpaham adat,neg
buku bagus makna cinta derajat suku adat keturunan tesis memudar budaya kagum faham ceritanya,pos
konflik percintaan adat kritik sosial kefanatikan pemakaian adat pepatih buya hamka,net
menarik selepas kejatuhan kejatuhan kesedaran hidup memacu tabah dimasa hadapan berbekalkan pengalaman kesengsaraan,net
indahnya bahasa dipakai menyentuh pembaca ceritanya menarik buku indah,pos
roman amat bagus rekomendasikan salah harta warisan budaya bangsa,pos
memahami arti mencintai buku bahasa penulis benarbenar bahasa melayu tidakberharap tidakkeseluruhan benarbenar menikmati membaca,pos
benarbenar cerita dalamnyata tidakada bosanbosannya membacanya cinta cipta karsa melengkapi cerita,pos
salah novel klasik indonesia kusuka katanya kontroversi novel meniru salah karya sastrawan mesir benar tahu deh,pos
memilukan penulis mencoba mematahkan norma masyarakatnya bahu ditinggalkannya istirahat hubungan jangka,net
buku banggakan tidaksekedar sedikt membandingkan salah buku fenomenal indonesia baca baca,pos
hayati zainuddin kasihan menyesal bintang semakin tersangkut bintang,net
jarang baca tema roman tapi sekalinya baca buku jaman dulunya indonesia syukurlah bagus,pos
tidaksemenggetarkan merantau deli kalau merantau deli sudah kali baca menitikkan air mata membacanya,neg
baca tidakingat smp ejaan salah novel serius baca,pos
kisah cinta zainuddin hayati dihalangi adat cinta tidaksampai menyebabkan zainuddin berjaya ternama orang bernama hayati orang dibantu katakata menyebabkan orang nikmat buku mendaki kejayaan,net
kisah cinta sempurna kelaksanaanya penggunaan bahasa dikelaskan klasik agung penguraian halus telus sniper membelah nukleus amoeba,pos
buku tapi baca ceritanya keren romansa anak muda jaman mendayudayu sarat makna kecakapan sastra bukunya tipis tapi tidakcepat tamat pemahaman bahasa khas melayu,net
bagus banget buku pantas dibaca difilmkan hamka menulis halaman halaman perasaan cerita agak sayapsayap patah dikisahkan lelaki penuh haru cintanya dipisahkan adat,pos
bahasanya indah kisah biasa didengar dikalangan masyarakat cinta darjat laksana cinta sudah dara hamka berjaya beremosi membacanya,pos
review orang ceritanya seru membaca buku bukunya uzur dimakan usia kutu takut memegang membukabuka halaman halamannya entah pinjam,pos
buku bagus kisah sedih ceritanya suka buku ceritanya mengagumkan filmnya bioskop karakter utamanya zanudin pacarnya,pos
harapan orang nyawa orang meresap nyawa jiwa nya celakalah merentapinya hancurlah jasad nya binasa hidup nya,net
membaca kisah cinta layla majnun titanic kapalnya suka deskripsi cinta patah hati digambarkan buku buku buku menyentuh hati pembacanya,pos
kerana nasib tiaptiap orang bercitacita kesenangannya orang tidaksesudah menutup mata barulah orang akan insaf keras hati kamu zainudin,net
tenggelamnya kapal cinta sejati bahasa puitis halus lagikan tersusun karya buya hamka seharusnya dihayati sindiran masyarakat unsur nasihat teliti tekankan citacita manusia tidakdapat melawan kehendak takdir,pos
suka sekali buku sekali membaca penasaran pengin membaca kisah kisah dalamnya cerita menginspirasi kaya akan nilai nilai kehidupan bagus banget pokoknya,pos
sejujurnya dipaksa membaca buku bagus banget ini buku recommended,pos
kasih baca buku susah sekali dicari ingin baca situs web kasih ya,net
percintaan penuh dugaan akhiran menyedihkan kekesalan dendam menular watakwatak tenggelamnya kapal van der wijck buku menitiskan air mata,net
kirain cerita seputar karamnya kapal van der wijk tapi jalan ceritanya menarik ditambah bahasa khas buya hamka merindukan masamasa sekolah membaca buku,pos
seru novelnya sih dibanding filmnya tapi lebih baik nonton filmnya baca novelnya biar visualisasinya baca kisah hayati bayangin pevita pearce,pos
perempuan hanya kekejaman orang dirinnya lupa kekejamannya orang besarnya zainuddin,pos
ilmu mengarang diperdapat lantaran dipelajari nahu saraf bahasa dibaca karangan punjanggapujangga menirunya orang pengarang halaman,net
bikin kecewa tenggelamnya kapal hanya diceritakan koran buku ngira kaya titanic,pos
lupa bagaimana ceritanya sedih pokoknya perjuangan bersatu sepasang kekasih pilu,net
unik romantik penuh emosi keindahan bahasanya tidakjemu membacanya berulangulang kali,pos
cerita mengharukan sarat hikmah pergulatan manusia adat perasaan takdir,pos
cerita cinta mengaduk aduk emosi emosi teradukaduk membaca novel,pos
buku romantis percintaan disukai harga pria kesetiaan kekasih pengkhianatan cinta tidakpernah bersatu,pos
agungnya cinta zainuddin hayati sungguh hebat ditambah lenggok bahasa hamka indah buatkan jalan ceritanya meruntun jiwa,pos
bacanya sudadah lupa ceritanya tokohnya tapi sekali senang sekali buku baca,net
dunia hanya bertiga bercela orang dengki orang tamak loba ketiga orang berdosa luput tangan hakim,pos
cinta mengajari lemah tetapi membangkitkan kekuatan cinta melemahkan semangat tetapi membangkitkan semangat abg muluk zainuddin gara cinta nya hayati kisah mengajar manusia terlampau mencintai manusia karya prof haji abdul malik abdul karim amrullah mendahului zamannya,pos
novel menceritakan kisah pemuda hidup masyarakat kuat berpegang adat cintanya gadis terhalang kerana adat harta diterbitkan kisah berlaku pemuda berlaku gaya bahasa penulis menyentuh hati,pos
awal baca canggung bahasa daerahnya semakin tertantang membaca buku pemilihan katanya unik tak buku tata bahasa kuno this book really amazing,pos
sungguh indah susunan katanya jalan cerita ringkas tapi padat pengajaran cerita diterbitkan berpuluh diaplikasikan zaman isu dikupaskan adat definisi cinta pengaruh duniawi menentukan keputusan,pos
kisah cinta tak hayati zainudin penceritaan puitis mendayu tragis titanic disangka akan jua rupa takdir tuhan melebihi perempuan hanya kekejaman orang dirinnya lupa kekejamannya orang besarnya,pos
tulisan hamka selalunya indah hati remuk bahasanya indah penceritaannya teratur kekuatan watak zainuddin hayati aziz muluk kesemua membantu gambaran penceritaan tenggelamnya kapal tenggelamnya cinta hayati zainuddin dibawa kuburan buku mesti dibaca seumur hidup,pos
romantis puitis ianya ditulis menceritakan cerita percintaan hayati zainuddin dibatasi adat keturunan karya buya hamka berharga difikirkan mengapa ditulis ditentang kebanyakan agamawan buku dicetak,pos
kisah dinamakan cinta terhalang adat insan mencintai tapi daya adat tak merestui membaca karya hamka akan karya marah roesli kisah siti nurbaya jodoh berlatarbelakang budaya adat padang mengundang kontroversi masanya,pos
bagus pembangunan jati pemuda pemudi cuma penamat agak tragik idea salah patah hati membaca suratsurat cinta menyentuh hati romantis karya sastra dimiliki orangorang nusantara,pos
ceritanya sederhana tapi mengena mengharu biru baca novel kali menangis kisahnya tragis banget agak tidakkalah keren romeo juliet,pos
suka katakata puitis buya hamka jalan ceritaannya menyentuh hati menghayati cerita baik akan menerus mencari buku hasil tulisan beliau sememangnya terbaik,pos
hakikatnya sedikit sifat watak utama hayati zainudin kerana sifat manusia pencinta setia berubah sekelip mata kamu orang kejam umpama kamu tak berlaku kejam orang,pos
buku jujur relate ayat best ayat jujur hati diterangkan pasal alam pasal gunung pasal nilai murni tapi utus surat penat baca tertawa,pos
cinta tidakmelemahkan tapi membangkitkan tapi berhatihatilah penyakit melemahkan cinta keegoan karya agung hamka mencelikkan mata pembaca keagungan cinta menenggelamkan pembaca lautan cinta,pos
buku biasa kritik sosialnya kisah cintanya pesan moralnya biasa tidakpernah terbayangkan tokoh agama sekelas buya hamka mampu kisah cinta,pos
mahir mengulas novel cinta baik tragis bahagia adakah anggapan awal novel sejarah cerita menuntun hati mengerti tidakmemahami kabarnya novel akan diadaptasi layar perak semoga sukses,pos
suka banget bahasa katakata puitis buku sudah duluan nonton filmnya membaca berimprovisasi kisah cinta tragis tapi bersimpati zainudin suka endingnya,pos
buku dibelikan brader jitra agak setahun simpan dirak gaya bahasa hamka sastra indonesianya buatku kerap kali tertangguh habiskan bacaan tapi ceritanya enak tidakseperti novel cinta terkesan,pos
novel novel baca lulus pilihanku mempengaruhi pilihan bacaan sastraku mencintai buku tua sastra love buya hamka,pos
suka kali kenal buku adik lakilaki usia sama minjem novel perpustakaan sekolahnya novel jaman dulu bahasanya sekali tidak jaman dulu mudah dipahami alurnya berisi romantisme klasik menyedihkan,pos
mengangkat benturan nilainilai arus zaman menentang arogansi bangunanbangunan masyarakat konvensinoal kukuh dimediasikan kisah tragedi orang mencintai,pos
baca buku orang buku terbaik hamka baca dapati hanya kisah cinta bertambahlah terarik plot padat gaya penyampaian mantap nikmati menghabiskan buku sedih tamat bacaan apapun hidup,pos
membaca buku kerana buku fenomena kagum karya hamka mampu bertahan berterusan dibaca sahaja niat hamka menulis buku murni kerana allah semoga roh penulis dicucuri rahmat,pos
novel sarat akan makna baca smp kelas susah sekali mencerna bahasa novel buka kamus bahasa indonesia bahasanya indah banget quote adat minang tak lapuk hujan tak lekang panas,pos
agak lambat menyelesaikan buku menikmati bahasanya indah manis terheranheran era mengapa kesedihan kesengsaraan menimbulkan karya,pos
penggunaan bahasa indah membawa tanah jawa contoh terbaik menyerahkan urusan tuhan novel buya hamka baca kali menangis citacita manusia tidakdapat melawan kehendak takdir,pos
kalinya suka nonton film adaptasi baca novelnya susah amat penuh perjuangan banget disuruh baca ejaan saya lebih baik baca buku english version,pos
kenangan kecilaku membacanya kali masuk sekolah darjah ayahku sibuk alam pelajarannya buku salah koleksinyasampai suka mengulanginya,pos
gaya bahasanya syairsyair tempo salah sastra klasik indonesia kenapa hamka memilih judul novel judul efek kejutan penghujung cerita hadir lipat judulnya benarbenar spoiler hamka mampu menghadirkan protes kekakuan budaya cerdas alur cerita dipaksakan,pos
kesampingkan gaya bahasa judul spoiler salah novel roman terbaik buatan orang indonesia zamannya,pos
buku tulisan hamka tak mengecewakan lenggok bahasa menarik mudah difahami bahasanya indonesia menceritakan kisah percintaan darjat zainuddin hayati hebat berjaya buatkan menangis sebalik kisah percintaan hamka lembut sopan menyedarkan masyarakat memandang kerturunan harta berbanding agama harta kecantikan tidakakan kekal harta tidakmenjamin kebahagiaan sesebuah pasangan highly recommended,pos
lelaki tidakbernama emosi peluang tidakmembongkokkan memungut peluang meletakkan sekali peluang darinya merendahkan peluang peluang akan melontarkan menyepak zainuddin hatinya cinta hayati tetapi emosi menutup sukmanya bernafas udara cinta,pos
roman bagus suka sastra roman hamka mencerminkan kehidupan masyarakat normal roman hamka melontarkan kritiknya adat minangkabau meninggikan kaumnya katakata pergilah negeri beradat seakanakan orang memiliki adat hanya orang minangkabau roman digambarkan kisah cinta terhalang adat kisah cinta menyedihkan roman patut dibaca orang minangkabau,pos
cerita dibuku alami wanitanya orang bugis minangkabau hitungan kejadian nonton film bis jemputan kekantor tapi hanya berkaca disalah stasiun televisi menonton film hanya tidaktahu awal kisah alami keingat seiring nonton film baca bukunya petik pesan nilai moral diutarakan cerita tersebut realitanya dimana adat berperan,pos
membaca novel menonton filmnya terhanyut tenggelam novel tenggelamnya kapal van der wijck kisah cinta zainuddin hayati benarbenar jalinan cinta mati sulit tak akan dijumpai novelnovel susunan jenis sastra mengalir membaca novel hanya membaca merasakan terhanyut menyaksikan kisah cinta penghargaan hamka,pos
tajuknya membuatkan tertarik membaca kisah kisah kapal van der wijck kisah pelayaran zaman sangka kisah kisah percintaan anak muda zainudin hayati derajat adat bagaimanapun olahan penulis hamka menarik keistimewaan tersendiri membuatkan membacanya tamat,pos
genre favorit skip novel angkatan tidakpernah lupa menghadirkan air mata sedih bahagia cerita keteguhan hati zainudin akan pembaca tertarik karakternya akhir cerita salah pikiran terlintas kenapa judulnya tenggelamnya kapal van der wijck pesan moral sekali worthreading percayalaah,pos
kedalaman cinta sepasang manusia sekian kalinya lahir ulama hamka latar kehidupan rakyat sumatera tata nilainilai sosial adat agama kental dibuktikan tulisan cinta didasari kemurnian jiwa akan bertahan ruangruang tertutup pintu ajal tak lepas ujian menguji ketulusan pasangan berdua,pos
recommends sejengkal jempol jari sungguh tidakpercaya hamka menukil kisah manusia jiwa naluri menyayangi disayangi kisah hati sungguh tidakjemu baca zainuddin hayati percintaan tentangan keluarga disebabkan perbedaan derajat tapi hanya cinta picisan penuh semangat anak muda memperjuangkan kehidupan kecintaan tulus bacalah,pos
berkisah anak muda mencintai tetapi dihalang keluarga kerana berbeda derajat situasi biasa orang zaman berpegang teguh adat benda novel bergantung adat baik bergantung peradaban tuhan insyaallah hidup senang cinta diperjuang tapi cinta manusia kamu kecewa mati,pos
buku sastra baca duduk kelas sama guru bahasa indonesia tugas meresensi karya sastra memilih perpustakaan buku resensi agak sulit awalnya membaca buku apalagi ejaan atur faktor menyebabkan malas membaca buku awalnya mengikuti jalan ceritanya tak berhenti,pos
era mengamati perjalanan kisah hidup zainuddin hayati keramaian padang menyelami hati anak dagang perusuh hati zainuddin akhir hayatnya mencintai hayati lentera hidupnya sepenuh hati cinta suka merayu janjijanji palsu hanya tokoh hidup insan terombangambing permainan takdir,pos
belum learn that you want bagus people must have bagus attitude there are some people dislike must patient menghadapi berpikir salah meninggalkan mengikuti baik orang percaya baik,pos
membeli naskhah khas kisah zainuddin amat hiba kisah cinta agung lelaki cinta tidakberubah arah cinta darinya beliau mengorak manusia mulia terkenal disanjung masyarakat didunia dimiliki zainuddin sahaja pencinta agung berjasa membaca sentimen hiba luluh luruh airmata mudah kolam airmata melimpah tidaktertahankan,pos
akan kah seindah hayati cintanya zainuddin tapi bukankah thomas campbel mengisyaratkan hidup hati tinggalkan mati zainuddin cinta murni tertinggal pertemuan jasmani jasmani terlupa pergabungan badan badan keikhlasan kesucian jiwa diharapkannya allah maha,pos
selesai baca van der wijck cerita kehidupan zainudin sedih diusir orangorang asalnya wanita dicintainya memilih menikah pria bahasa berpikir kali baca buku kalimatnya agak sulit dicerna pengaruh pengarangnya hamka tapi over all bagus drama sengsaranya dapat terus pelajaran hidup cinta buku tidak sabar baca buku ronggeng dukuh paruk ahmad tohari,pos
bahasanya cantik jalan ceritanya air sungai mengalir tenang berombak mangsa derasnya angin menghibakan hati pembacanya buku tamparan manusia zaman moden bertuhankan mentaliti seakan darah daging riwayat tenggelamnya kapal van der wjick sahaja mengisahkan kisah cinta darjat ianya salah buku terbaik baca,pos
menangis membaca buku baik haru bahagia tika sedih nestapa melanda nyata didalamnya terhanyut alur ceritanya menyentuh belajar buku tak hayati malang sungguh kehidupannya bersuamikan lelaki baiklah penuhi hidup mati hanya allah cukup allah bagiku,pos
buku buya hamka kubaca buku beliau lindungan kakbah ceritra kasih memilukan hayati zainuddin ending cinta bertemu berujung kematian kasihan sangatsebegitukah entahlah sarat pelajaran bermakna sayang dilewatkan ketagihan,pos
tulisan hamka penuh makna mendalam bahasa melayu indonesia awalnya sukar difahami tetapi sejurus muka surat perenggan kisah zainudin pergi merantau kampung ayahnya menempuh pelbagai ranjau dugaan bertemu hayati gadis berketurunan banding zainuddin sedikit menghalang cinta suci indah bait surat,pos
ceritanya tonton durasi jam download internetlakonan hebat berjaya membawa watak zainuddin hayatisinggah kedai buku ternampak novel membelinya harga rmedisi kenangkenangan terbitan ptstak masuk baca novel bahasa bahasa indonesiajadi simpan kenangkenangan,pos
hamka sastra melayunya kisah tenggelamnya kapal van der wijck klimaks baik bintang cinta janji perasaan dikhianati menghiasi lembar lembar kisah zainuddin hayati kehendaknya,pos
karya hamka sarat bahasa halus menyentuh indah sekali kisah tidakberakhir bahagia ending tidakjuga berkisar kapal van der wijck temanya cinta adat agama status sosial citacita persahabatan kisah cinta tidakkesampaian tragedi dibawa mati,pos
hidup zaman moden membaca buku dibawa belayar zaman adat santunnya kuat kadang dibelai angan klasik zaman kehidupan zainuddin adik penangan cinta zainuddin hidupnya melarat kemudiannya gemilang dugaan pelbagai cinta bersemi,pos
buku favorit awalnya cuma iseng pinjam perpus sekolah bukan hanya tertarik penulisnya buya hamka tapi cari referensi nulis surat cinta wkwkwkwk jujur buku air mata menetes karya hamka sarat pesan moral keindahan teruntai khas penulisnya,pos
kesempatan baca lihat titik perpecahan jiwa setianya hujung cerita sahaja akan dapati punca perumitan permasalahan adat adat terlampau kedudukan mejadi oerhatian wang jaminan karya relevan perhatikan,pos
damn romantis sekali giung tidakterbiasa sengaja menengok kisah kampus sastra memahami roman segiung apapun dosen mata kuliahnya menugaskan menganalisis karya hamka lumayan ilmu,pos
adakah menemui kisah mencabar alam nyata,pos
buku akhir cerita sedih mengajarkan jodohmu dunia semoga jodohmu akhirat,pos
khusus suka tata bahasanya puitis tidakbiasa seakan diajak jaman buku kali ditulis pribadi suka pengungkapan cinta tapi sedikit diobati tokoh utama mengedepankan agama cinta cinta darinya diambil ngomong-ngomong awas rada php akhirakhir kurang,pos
hamka tenggelamnya kapal van der wijck naskah sarat makna susunan bahasa cantik tetapi membosankan tema cerita kuat cinta darjat perjalanan realiti kehidupan nilai agama isu budaya adat keturunan naskah penuh pesan moral pembaca bagus sesuai diskusi pembelajaran malangnya pengakhiran tragik membuatkan salah pembaca tidakmahu mengulang pembacaan naskah tempoh terdekat,pos
hmm tidakmendapat informasi signifikan pergerakan nasionalis novel kali terbit dimana dipercaya sejarawan masamasa pergerakan nasionalis ditandai dibuangnya aktivis soekarno hatta sjahrir dilarangnya partai nasional indonesia,pos
engkau renggutkan tali pengharapanku tali pengharapanmu bergantung kisah cinta epik zaman pra merdeka dibaca memahami akan cinta lakilaki perempuan,pos
asian romeo juliet bagus baca,pos
penggunaan bahasa menyebabkan sukar faham akan cerita ceritanya dibaca teliti perlahan isinya kisah sungguh sedih penuh bahasa indah cukup iktibar hidup terutamanya zaman moden pengakhirannya sungguh menghibakan hati selepas akan tonton filemnya insyaallah,pos
sarat cinta kisah menyayat hati,pos
ulang baca kisah hayatizainudin,pos
read twice true hamka undeniablebut not bahagia with this book,pos
kuat bacanya asli menangis bombay hahaha alm hamka youre the master ever,pos
bacaan sajasaja nak ambil feel keceper,pos
lembut susun atur bahasanya jatuh cinta,neg
tidakkomentar kaget penggunaan bahasanya kiasan indah,pos
silap cuaca berjerebu bilamana habis membaca buku mata berkaca,pos
plot evergreen latar berbeza kisah dijumpai dimanamana tetapi berbeza berbaloi dibaca,net
wahnovel tuluscerita penuh perasaan bosansedihgembiraperasaan awangan jatuh cintaputus asa kehidupanbahagia sekejap kemudianuhukbaca ye,pos
dibaca kulit hijau deh tua gayut baca mua cinta seharusnya menguatkan melemahkan,pos
ceritanya love story tempo kasih tak kaya rome juliet cuma latar nya daerah sumatra barat sedihnya tokoh ceweknya mati tengelam kapal vanderwitch kali dengar buku pas smp bahas spotong cerita novel pas pelajaran bahasa penasaran ceritanya setealah berbulan mencari ketemunya pasar buku jakarta ntah deh kecetakan keberapa cuma harga mahal ribu,pos
kagum kelembutan bahasa indonesia buku karya buya hamka baca genre bukubuku pesan elakkan pembacaan sebelum tidaktahu disebabkan mahu mengenali buya hamka baca cuma sarankan mendahulukan menonton filem membaca buku hilang nikmat membaca salam sayang zainuddin lel,pos
pedih awal akhir jalinan ceritanya tidakleceh romantisme versus tradisi isu sosial perilaku geleng kepala novel ditulis ulama baca kisah cinta cengeng sebaiknya baca dijamin novel cengeng akan menunduk malu novel tragis pola narasinya mengagumkan,pos
seorg pemuda malang malangnya bertimpa timpa muncul sang bunga menghilangkan duka tapi gembira hanya sekejap buku pnuh emosi pendefanasian cinta suci kian dilupakan diganti cinta metarialistik tahu mengklaifikasikan sebagai sad ending bahagia ending,pos
its like malay version romeo and juliet some the words did not understand because its either minang indonesian however love the atur where started from village where there car and the village quiet and peaceful with lots traditional custom that they really hold to,pos
pilu sedih gembira terkilan marah perasaan berbaurbaur tika membaca buku wah aneh ulama menghasilkan novel zaman nya kecewa zainuddin kerana tidakmenahan hayati,pos
karya roman agung prof hamka mengesankan tak berbuat perkara buku tak lepas sebaik sahaja membacanyaberkualiti mencapi depth cerita bukunya,pos
salah tugas mingguan entah kenapa buku membosankan katakata indah penuh kiasan bikin enegtokoh zainuddin sekali tidak bikin simpati cengeng,pos
wow kisah nyata atau bukantapi masih smpet lihat bangkai kapalnya perairan tubanpas duluskg deh diangkat,pos
direkomendasikan dibaca orangtua sekolah roman terkenal masanya berharap menyimpan buku perpustakaan sekolah,pos
membaca karya buya hamka menerbitkan pelbagai emosi dalam iniseolah jiwa menyatu jiwa zainudindapat dirasa duka dalam jiwa zainudin mengkhatamkan buku inikehilangan kekasih hati akibat adat resam disanjung dalam masyarakatmembina nama sebagai penulis terkenal membawanya bertemu kartini kekasih hatinya terpisah akibat kekhilafan terburu keputusan,pos
karya sastra biasa lbih bgus karya roman romeo juliet skarang buku selalu sya kisah cinta zainuddin hubungi darah darah bugis hayati darah minang hamka mang biasa mengangkat thema biasa,pos
kali menekuni buku lepas perkataan ditulis hamka sarat nuansa bahasa cukup indah penuh intipati nasihat pengajaran kadangkala sinis tapi,pos
roman terbaik kuba cacerita cinta kekolotan adatbuku sngt menguras emosi pembacanya hamka berhasil membawa pembaca cerita trsbtdan kalimat pntas menggmbrkan isi buku initrue love will never die,pos
bahasa ditulis penuh berhatihati tapi baca penuh laju hanya menikmati pinjam buku orang tertawa kena laju sikit baca,pos
demmit sedih laa cerita menahan air mata maskulin,pos
bahasa bintang jalan cerita bintang,pos
tenggelam baitbait lemas dugaan luluh hatiku pengakhiran kisah cinta tidaksemestinya akan bersatu,net
jaringan sudah normal kembali,pos
